{"name":"Customer Satisfaction Sample","id":"686084252","options":"[\\\"bottom\\\",\\\"easeInOutBack\\\",\\\"\\\",\\\"-webkit-linear-gradient(top , rgb(255, 255, 255) 35% , rgb(255, 255, 255) 70%);-moz-linear-gradient(top , rgb(255, 255, 255) 35% , rgb(255, 255, 255) 70%);-ms-linear-gradient(top , rgb(255, 255, 255) 35% , rgb(255, 255, 255) 70%);-o-linear-gradient(top , rgb(255, 255, 255) 35% , rgb(255, 255, 255) 70%);linear-gradient(top , rgb(255, 255, 255) 35% , rgb(255, 255, 255) 70%);\\\",\\\"rgb(0, 0, 0)\\\",\\\"rgb(243, 240, 240)\\\",\\\"1\\\",\\\"5\\\",\\\"12\\\",\\\"10\\\",\\\"12\\\",800,\\\"Thank you for your feedback!\\\",\\\"0\\\",\\\"0\\\",\\\"0\\\",\\\"center\\\",\\\"modal\\\",\\\"0\\\",\\\"\\\",\\\"0\\\",[],\\\"0\\\",0,\\\"0\\\",\\\"\\\",\\\"\\\",\\\"\\\",\\\"0\\\",\\\"\\\",\\\"\\\",\\\"\\\",\\\"\\\",\\\"\\\",\\\"\\\",\\\"0\\\",\\\"0\\\",\\\"\\\",\\\"\\\",\\\"0\\\",\\\"\\\",\\\"\\\",\\\"0\\\",\\\"\\\",\\\"\\\",\\\"\\\",\\\"0\\\",\\\"\\\",\\\"\\\",\\\"\\\",\\\"0\\\",\\\"\\\",\\\"\\\",\\\"\\\",\\\"0\\\",\\\"\\\",\\\"\\\",\\\"0\\\",\\\"\\\",\\\"\\\",\\\"\\\",\\\"\\\",\\\"0\\\",\\\"\\\",\\\"\\\",\\\"\\\",\\\"0\\\",\\\"\\\",\\\"\\\",\\\"\\\",\\\"0\\\",\\\"\\\",\\\"\\\",\\\"\\\",\\\"0\\\",\\\"\\\",\\\"\\\",\\\"0\\\",\\\"\\\",\\\"\\\",\\\"0\\\",\\\"\\\",\\\"0\\\",\\\"0\\\",\\\"0\\\",\\\"\\\",\\\"\\\",\\\"\\\",\\\"0\\\",\\\"\\\",\\\"0\\\",\\\"\\\",\\\"\\\",\\\"\\\",\\\"0\\\",\\\"\\\",\\\"0\\\",\\\"\\\",\\\"\\\",\\\"\\\",\\\"\\\",\\\"0\\\",\\\"\\\",\\\"\\\",\\\"\\\",\\\"0\\\",\\\"\\\",\\\"\\\",\\\"0\\\",\\\"\\\",\\\"\\\",\\\"\\\",\\\"\\\",\\\"0\\\",\\\"\\\",\\\"\\\",\\\"\\\",\\\"0\\\",\\\"\\\",\\\"\\\",\\\"\\\",\\\"0\\\",\\\"\\\",\\\"\\\",\\\"\\\",\\\"0\\\",\\\"0\\\",\\\"0\\\",\\\"0\\\",\\\"1\\\",\\\"1\\\",\\\"0\\\",\\\"rgb(236, 236, 236)\\\",\\\"preloader\\\",\\\"\\\",0,\\\"1\\\",\\\"radarchart\\\",\\\"average-score\\\",\\\"individual\\\",\\\"\\\",\\\"remove\\\",\\\"\\\",\\\"9999\\\",\\\"\\\",\\\"small\\\",\\\"0\\\",\\\"\\\",\\\"\\\",\\\"\\\",\\\"\\\",\\\"\\\",\\\"\\\",\\\"\\\",\\\"\\\",\\\"\\\",0,\\\"\\\",\\\"disabled\\\",[],\\\"0\\\",\\\"0\\\",\\\"\\\",\\\"\\\",\\\"0\\\",\\\"\\\",\\\"\\\",\\\"0\\\",\\\"\\\",\\\"\\\",\\\"\\\",\\\"\\\"]","global":"0","start_time":"0000-00-00 00:00:00","expiry_time":"0000-00-00 00:00:00","export_time":"2020-02-06 12:42","questions":{"1":{"name":"How fast is our support? [-]","count":1,"qoptions":"a:9:{i:0;s:1:\"1\";i:1;s:1:\"1\";i:2;s:0:\"\";i:3;s:1:\"1\";i:4;s:0:\"\";i:5;s:0:\"\";i:6;s:0:\"\";i:7;s:0:\"\";i:8;s:0:\"\";}","1":{"answer":"Very slow [Speed]","count":"0","aoptions":"a:21:{i:0;s:7:\"default\";i:1;s:13:\"6795177000000\";i:2;s:1:\"0\";i:3;s:0:\"\";i:4;s:1:\"1\";i:5;s:0:\"\";i:6;s:0:\"\";i:7;s:0:\"\";i:8;s:1:\"0\";i:9;s:1:\"0\";i:10;s:0:\"\";i:11;s:0:\"\";i:12;s:0:\"\";i:13;s:0:\"\";i:14;s:0:\"\";i:15;s:0:\"\";i:16;s:0:\"\";i:17;s:0:\"\";i:18;s:1:\"0\";i:19;s:3:\"100\";i:20;s:1:\"1\";}","percentage":0,"uniqueid":"6795177000000"},"2":{"answer":"Slow [Speed]","count":"0","aoptions":"a:21:{i:0;s:7:\"default\";i:1;s:13:\"1067248000000\";i:2;s:1:\"0\";i:3;s:0:\"\";i:4;s:1:\"2\";i:5;s:0:\"\";i:6;s:0:\"\";i:7;s:0:\"\";i:8;s:1:\"0\";i:9;s:1:\"0\";i:10;s:0:\"\";i:11;s:0:\"\";i:12;s:0:\"\";i:13;s:0:\"\";i:14;s:0:\"\";i:15;s:0:\"\";i:16;s:0:\"\";i:17;s:0:\"\";i:18;s:1:\"0\";i:19;s:3:\"100\";i:20;s:1:\"1\";}","percentage":0,"uniqueid":"1067248000000"},"3":{"answer":"Average [Speed]","count":"0","aoptions":"a:21:{i:0;s:7:\"default\";i:1;s:13:\"1011360000000\";i:2;s:1:\"0\";i:3;s:0:\"\";i:4;s:1:\"3\";i:5;s:1:\"0\";i:6;s:0:\"\";i:7;s:0:\"\";i:8;s:1:\"0\";i:9;s:1:\"0\";i:10;s:0:\"\";i:11;s:0:\"\";i:12;s:0:\"\";i:13;s:0:\"\";i:14;s:0:\"\";i:15;s:0:\"\";i:16;s:0:\"\";i:17;s:0:\"\";i:18;s:1:\"0\";i:19;s:3:\"100\";i:20;s:1:\"1\";}","percentage":0,"uniqueid":"1011360000000"},"4":{"answer":"Good [Speed]","count":"0","aoptions":"a:21:{i:0;s:7:\"default\";i:1;s:13:\"5510897000000\";i:2;s:1:\"0\";i:3;s:0:\"\";i:4;s:1:\"4\";i:5;s:1:\"0\";i:6;s:0:\"\";i:7;s:0:\"\";i:8;s:1:\"0\";i:9;s:1:\"0\";i:10;s:0:\"\";i:11;s:0:\"\";i:12;s:0:\"\";i:13;s:0:\"\";i:14;s:0:\"\";i:15;s:0:\"\";i:16;s:0:\"\";i:17;s:0:\"\";i:18;s:1:\"0\";i:19;s:3:\"100\";i:20;s:1:\"1\";}","percentage":0,"uniqueid":"5510897000000"},"5":{"answer":"Excellent [Speed]","count":"1","aoptions":"a:21:{i:0;s:7:\"default\";i:1;s:13:\"1611633000000\";i:2;s:1:\"0\";i:3;s:0:\"\";i:4;s:1:\"5\";i:5;s:1:\"0\";i:6;s:0:\"\";i:7;s:0:\"\";i:8;s:1:\"0\";i:9;s:1:\"0\";i:10;s:0:\"\";i:11;s:0:\"\";i:12;s:0:\"\";i:13;s:0:\"\";i:14;s:0:\"\";i:15;s:0:\"\";i:16;s:0:\"\";i:17;s:0:\"\";i:18;s:1:\"0\";i:19;s:3:\"100\";i:20;s:1:\"1\";}","percentage":100,"uniqueid":"1611633000000"}},"2":{"name":"How useful is the reply you get from the Support Team? [-]","count":1,"qoptions":"a:9:{i:0;s:1:\"0\";i:1;s:1:\"0\";i:2;s:0:\"\";i:3;s:1:\"1\";i:4;s:0:\"\";i:5;s:0:\"\";i:6;s:0:\"\";i:7;s:0:\"\";i:8;s:0:\"\";}","1":{"answer":"Didn't help [Effectiveness]","count":"0","aoptions":"a:21:{i:0;s:7:\"default\";i:1;s:13:\"4244471000000\";i:2;s:1:\"0\";i:3;s:0:\"\";i:4;s:1:\"1\";i:5;s:1:\"0\";i:6;s:0:\"\";i:7;s:0:\"\";i:8;s:1:\"0\";i:9;s:1:\"0\";i:10;s:0:\"\";i:11;s:0:\"\";i:12;s:0:\"\";i:13;s:0:\"\";i:14;s:0:\"\";i:15;s:0:\"\";i:16;s:0:\"\";i:17;s:0:\"\";i:18;s:1:\"0\";i:19;s:3:\"100\";i:20;s:1:\"1\";}","percentage":0,"uniqueid":"4244471000000"},"2":{"answer":"Partially help [Effectiveness]","count":"0","aoptions":"a:21:{i:0;s:7:\"default\";i:1;s:13:\"2030578000000\";i:2;s:1:\"0\";i:3;s:0:\"\";i:4;s:1:\"2\";i:5;s:1:\"0\";i:6;s:0:\"\";i:7;s:0:\"\";i:8;s:1:\"0\";i:9;s:1:\"0\";i:10;s:0:\"\";i:11;s:0:\"\";i:12;s:0:\"\";i:13;s:0:\"\";i:14;s:0:\"\";i:15;s:0:\"\";i:16;s:0:\"\";i:17;s:0:\"\";i:18;s:1:\"0\";i:19;s:3:\"100\";i:20;s:1:\"1\";}","percentage":0,"uniqueid":"2030578000000"},"3":{"answer":"Almost solve the issue [Effectiveness]","count":"1","aoptions":"a:21:{i:0;s:7:\"default\";i:1;s:13:\"3515611000000\";i:2;s:1:\"0\";i:3;s:0:\"\";i:4;s:1:\"3\";i:5;s:1:\"0\";i:6;s:0:\"\";i:7;s:0:\"\";i:8;s:1:\"0\";i:9;s:1:\"0\";i:10;s:0:\"\";i:11;s:0:\"\";i:12;s:0:\"\";i:13;s:0:\"\";i:14;s:0:\"\";i:15;s:0:\"\";i:16;s:0:\"\";i:17;s:0:\"\";i:18;s:1:\"0\";i:19;s:3:\"100\";i:20;s:1:\"1\";}","percentage":100,"uniqueid":"3515611000000"},"4":{"answer":"Good [Effectiveness]","count":"0","aoptions":"a:21:{i:0;s:7:\"default\";i:1;s:13:\"2584333000000\";i:2;s:1:\"0\";i:3;s:0:\"\";i:4;s:1:\"4\";i:5;s:1:\"0\";i:6;s:0:\"\";i:7;s:0:\"\";i:8;s:1:\"0\";i:9;s:1:\"0\";i:10;s:0:\"\";i:11;s:0:\"\";i:12;s:0:\"\";i:13;s:0:\"\";i:14;s:0:\"\";i:15;s:0:\"\";i:16;s:0:\"\";i:17;s:0:\"\";i:18;s:1:\"0\";i:19;s:3:\"100\";i:20;s:1:\"1\";}","percentage":0,"uniqueid":"2584333000000"},"5":{"answer":"Excellent [Effectiveness]","count":"0","aoptions":"a:21:{i:0;s:7:\"default\";i:1;s:13:\"1788224000000\";i:2;s:1:\"0\";i:3;s:0:\"\";i:4;s:1:\"5\";i:5;s:1:\"0\";i:6;s:0:\"\";i:7;s:0:\"\";i:8;s:1:\"0\";i:9;s:1:\"0\";i:10;s:0:\"\";i:11;s:0:\"\";i:12;s:0:\"\";i:13;s:0:\"\";i:14;s:0:\"\";i:15;s:0:\"\";i:16;s:0:\"\";i:17;s:0:\"\";i:18;s:1:\"0\";i:19;s:3:\"100\";i:20;s:1:\"1\";}","percentage":0,"uniqueid":"1788224000000"}},"3":{"name":"How do you like the conversation with the Support Team? [-]","count":1,"qoptions":"a:9:{i:0;s:1:\"0\";i:1;s:1:\"0\";i:2;s:0:\"\";i:3;s:1:\"1\";i:4;s:0:\"\";i:5;s:0:\"\";i:6;s:0:\"\";i:7;s:0:\"\";i:8;s:0:\"\";}","1":{"answer":"Hate [Kindness]","count":"0","aoptions":"a:21:{i:0;s:7:\"default\";i:1;s:13:\"7259089000000\";i:2;s:1:\"0\";i:3;s:0:\"\";i:4;s:1:\"1\";i:5;s:1:\"0\";i:6;s:0:\"\";i:7;s:0:\"\";i:8;s:1:\"0\";i:9;s:1:\"0\";i:10;s:0:\"\";i:11;s:0:\"\";i:12;s:0:\"\";i:13;s:0:\"\";i:14;s:0:\"\";i:15;s:0:\"\";i:16;s:0:\"\";i:17;s:0:\"\";i:18;s:1:\"0\";i:19;s:3:\"100\";i:20;s:1:\"1\";}","percentage":0,"uniqueid":"7259089000000"},"2":{"answer":"I don't like [Kindness]","count":"0","aoptions":"a:21:{i:0;s:7:\"default\";i:1;s:13:\"1839960000000\";i:2;s:1:\"0\";i:3;s:0:\"\";i:4;s:1:\"2\";i:5;s:1:\"0\";i:6;s:0:\"\";i:7;s:0:\"\";i:8;s:1:\"0\";i:9;s:1:\"0\";i:10;s:0:\"\";i:11;s:0:\"\";i:12;s:0:\"\";i:13;s:0:\"\";i:14;s:0:\"\";i:15;s:0:\"\";i:16;s:0:\"\";i:17;s:0:\"\";i:18;s:1:\"0\";i:19;s:3:\"100\";i:20;s:1:\"1\";}","percentage":0,"uniqueid":"1839960000000"},"3":{"answer":"It was suitable [Kindness]","count":"0","aoptions":"a:21:{i:0;s:7:\"default\";i:1;s:13:\"1994487000000\";i:2;s:1:\"0\";i:3;s:0:\"\";i:4;s:1:\"3\";i:5;s:1:\"0\";i:6;s:0:\"\";i:7;s:0:\"\";i:8;s:1:\"0\";i:9;s:1:\"0\";i:10;s:0:\"\";i:11;s:0:\"\";i:12;s:0:\"\";i:13;s:0:\"\";i:14;s:0:\"\";i:15;s:0:\"\";i:16;s:0:\"\";i:17;s:0:\"\";i:18;s:1:\"0\";i:19;s:3:\"100\";i:20;s:1:\"1\";}","percentage":0,"uniqueid":"1994487000000"},"4":{"answer":"Very good [Kindness]","count":"1","aoptions":"a:21:{i:0;s:7:\"default\";i:1;s:13:\"4023789000000\";i:2;s:1:\"0\";i:3;s:0:\"\";i:4;s:1:\"4\";i:5;s:1:\"0\";i:6;s:0:\"\";i:7;s:0:\"\";i:8;s:1:\"0\";i:9;s:1:\"0\";i:10;s:0:\"\";i:11;s:0:\"\";i:12;s:0:\"\";i:13;s:0:\"\";i:14;s:0:\"\";i:15;s:0:\"\";i:16;s:0:\"\";i:17;s:0:\"\";i:18;s:1:\"0\";i:19;s:3:\"100\";i:20;s:1:\"1\";}","percentage":100,"uniqueid":"4023789000000"},"5":{"answer":"I loved it. [Kindness]","count":"0","aoptions":"a:21:{i:0;s:7:\"default\";i:1;s:13:\"6221627000000\";i:2;s:1:\"0\";i:3;s:0:\"\";i:4;s:1:\"5\";i:5;s:1:\"0\";i:6;s:0:\"\";i:7;s:0:\"\";i:8;s:1:\"0\";i:9;s:1:\"0\";i:10;s:0:\"\";i:11;s:0:\"\";i:12;s:0:\"\";i:13;s:0:\"\";i:14;s:0:\"\";i:15;s:0:\"\";i:16;s:0:\"\";i:17;s:0:\"\";i:18;s:1:\"0\";i:19;s:3:\"100\";i:20;s:1:\"1\";}","percentage":0,"uniqueid":"6221627000000"}}}}