{"name":"Open Text Answer Sample","id":"924478511","options":"[\\\"bottom\\\",\\\"easeInOutBack\\\",\\\"\\\",\\\"-webkit-linear-gradient(top , rgb(255, 255, 255) 35% , rgb(255, 255, 255) 70%);-moz-linear-gradient(top , rgb(255, 255, 255) 35% , rgb(255, 255, 255) 70%);-ms-linear-gradient(top , rgb(255, 255, 255) 35% , rgb(255, 255, 255) 70%);-o-linear-gradient(top , rgb(255, 255, 255) 35% , rgb(255, 255, 255) 70%);linear-gradient(top , rgb(255, 255, 255) 35% , rgb(255, 255, 255) 70%);\\\",\\\"rgb(0, 0, 0)\\\",\\\"rgb(243, 240, 240)\\\",\\\"1\\\",\\\"5\\\",\\\"12\\\",\\\"10\\\",\\\"12\\\",800,\\\"Thank you for your feedback!\\\",\\\"0\\\",\\\"0\\\",\\\"0\\\",\\\"center\\\",\\\"modal\\\",\\\"0\\\",\\\"\\\",\\\"0\\\",[],\\\"0\\\",0,\\\"0\\\",\\\"\\\",\\\"\\\",\\\"\\\",\\\"0\\\",\\\"\\\",\\\"\\\",\\\"\\\",\\\"\\\",\\\"\\\",\\\"\\\",\\\"0\\\",\\\"0\\\",\\\"\\\",\\\"\\\",\\\"0\\\",\\\"\\\",\\\"\\\",\\\"0\\\",\\\"\\\",\\\"\\\",\\\"\\\",\\\"0\\\",\\\"\\\",\\\"\\\",\\\"\\\",\\\"0\\\",\\\"\\\",\\\"\\\",\\\"\\\",\\\"0\\\",\\\"\\\",\\\"\\\",\\\"0\\\",\\\"\\\",\\\"\\\",\\\"\\\",\\\"\\\",\\\"0\\\",\\\"\\\",\\\"\\\",\\\"\\\",\\\"0\\\",\\\"\\\",\\\"\\\",\\\"\\\",\\\"0\\\",\\\"\\\",\\\"\\\",\\\"\\\",\\\"0\\\",\\\"\\\",\\\"\\\",\\\"0\\\",\\\"\\\",\\\"\\\",\\\"0\\\",\\\"0\\\",\\\"0\\\",\\\"0\\\",\\\"0\\\",\\\"\\\",\\\"\\\",\\\"\\\",\\\"0\\\",\\\"\\\",\\\"0\\\",\\\"\\\",\\\"\\\",\\\"\\\",\\\"0\\\",\\\"\\\",\\\"0\\\",\\\"\\\",\\\"\\\",\\\"\\\",\\\"\\\",\\\"0\\\",\\\"\\\",\\\"\\\",\\\"\\\",\\\"0\\\",\\\"\\\",\\\"\\\",\\\"0\\\",\\\"\\\",\\\"\\\",\\\"\\\",\\\"\\\",\\\"0\\\",\\\"\\\",\\\"\\\",\\\"\\\",\\\"0\\\",\\\"\\\",\\\"\\\",\\\"\\\",\\\"0\\\",\\\"\\\",\\\"\\\",\\\"\\\",\\\"0\\\",\\\"0\\\",\\\"0\\\",\\\"0\\\",\\\"1\\\",\\\"1\\\",\\\"0\\\",\\\"rgb(236, 236, 236)\\\",\\\"preloader\\\",\\\"\\\",0,\\\"1\\\",\\\"radarchart\\\",\\\"score\\\",\\\"individual\\\",\\\"\\\",\\\"remove\\\",\\\"5\\\",\\\"9999\\\",\\\"\\\",\\\"small\\\",\\\"0\\\",\\\"\\\",\\\"\\\",\\\"\\\",\\\"\\\",\\\"\\\",\\\"\\\",\\\"\\\",\\\"\\\",\\\"\\\",0,\\\"\\\",\\\"slide\\\",[],\\\"0\\\",\\\"0\\\",\\\"\\\",\\\"\\\",\\\"0\\\",\\\"\\\",\\\"\\\",\\\"0\\\",\\\"\\\",\\\"\\\",\\\"\\\",\\\"\\\"]","global":"0","start_time":"0000-00-00 00:00:00","expiry_time":"0000-00-00 00:00:00","export_time":"2020-02-06 12:32","questions":{"1":{"name":"How fast is our support? [-]","count":1,"qoptions":"a:9:{i:0;s:1:\"1\";i:1;s:1:\"1\";i:2;s:0:\"\";i:3;s:1:\"0\";i:4;s:0:\"\";i:5;s:0:\"\";i:6;s:0:\"\";i:7;s:0:\"\";i:8;s:0:\"\";}","1":{"answer":"Very slow [Speed]","count":"0","aoptions":"a:21:{i:0;s:7:\"default\";i:1;s:13:\"4415582000000\";i:2;s:1:\"0\";i:3;s:0:\"\";i:4;s:1:\"1\";i:5;s:0:\"\";i:6;s:0:\"\";i:7;s:0:\"\";i:8;s:1:\"0\";i:9;s:1:\"0\";i:10;s:0:\"\";i:11;s:1:\"4\";i:12;s:0:\"\";i:13;s:0:\"\";i:14;s:0:\"\";i:15;s:0:\"\";i:16;s:0:\"\";i:17;s:0:\"\";i:18;s:1:\"0\";i:19;s:3:\"100\";i:20;s:1:\"1\";}","percentage":0,"uniqueid":"4415582000000"},"2":{"answer":"Slow [Speed]","count":"0","aoptions":"a:21:{i:0;s:7:\"default\";i:1;s:13:\"6128578000000\";i:2;s:1:\"0\";i:3;s:0:\"\";i:4;s:1:\"2\";i:5;s:0:\"\";i:6;s:0:\"\";i:7;s:0:\"\";i:8;s:1:\"0\";i:9;s:1:\"0\";i:10;s:0:\"\";i:11;s:0:\"\";i:12;s:0:\"\";i:13;s:0:\"\";i:14;s:0:\"\";i:15;s:0:\"\";i:16;s:0:\"\";i:17;s:0:\"\";i:18;s:1:\"0\";i:19;s:3:\"100\";i:20;s:1:\"1\";}","percentage":0,"uniqueid":"6128578000000"},"3":{"answer":"Average [Speed]","count":"0","aoptions":"a:21:{i:0;s:7:\"default\";i:1;s:13:\"5748088000000\";i:2;s:1:\"0\";i:3;s:0:\"\";i:4;s:1:\"3\";i:5;s:1:\"0\";i:6;s:0:\"\";i:7;s:0:\"\";i:8;s:1:\"0\";i:9;s:1:\"0\";i:10;s:0:\"\";i:11;s:0:\"\";i:12;s:0:\"\";i:13;s:0:\"\";i:14;s:0:\"\";i:15;s:0:\"\";i:16;s:0:\"\";i:17;s:0:\"\";i:18;s:1:\"0\";i:19;s:3:\"100\";i:20;s:1:\"1\";}","percentage":0,"uniqueid":"5748088000000"},"4":{"answer":"Good [Speed]","count":"1","aoptions":"a:21:{i:0;s:7:\"default\";i:1;s:13:\"7390012000000\";i:2;s:1:\"0\";i:3;s:0:\"\";i:4;s:1:\"4\";i:5;s:1:\"0\";i:6;s:0:\"\";i:7;s:0:\"\";i:8;s:1:\"0\";i:9;s:1:\"0\";i:10;s:0:\"\";i:11;s:0:\"\";i:12;s:0:\"\";i:13;s:0:\"\";i:14;s:0:\"\";i:15;s:0:\"\";i:16;s:0:\"\";i:17;s:0:\"\";i:18;s:1:\"0\";i:19;s:3:\"100\";i:20;s:1:\"1\";}","percentage":100,"uniqueid":"7390012000000"},"5":{"answer":"Excellent [Speed]","count":"0","aoptions":"a:21:{i:0;s:7:\"default\";i:1;s:13:\"4803450000000\";i:2;s:1:\"0\";i:3;s:0:\"\";i:4;s:1:\"5\";i:5;s:1:\"0\";i:6;s:0:\"\";i:7;s:0:\"\";i:8;s:1:\"0\";i:9;s:1:\"0\";i:10;s:0:\"\";i:11;s:0:\"\";i:12;s:0:\"\";i:13;s:0:\"\";i:14;s:0:\"\";i:15;s:0:\"\";i:16;s:0:\"\";i:17;s:0:\"\";i:18;s:1:\"0\";i:19;s:3:\"100\";i:20;s:1:\"1\";}","percentage":0,"uniqueid":"4803450000000"}},"2":{"name":"How useful is the reply you get from the Support Team? [-]","count":0,"qoptions":"a:9:{i:0;s:1:\"0\";i:1;s:1:\"0\";i:2;s:0:\"\";i:3;s:1:\"0\";i:4;s:0:\"\";i:5;s:0:\"\";i:6;s:0:\"\";i:7;s:0:\"\";i:8;s:0:\"\";}","1":{"answer":"Didn't help [Effectiveness]","count":"0","aoptions":"a:21:{i:0;s:7:\"default\";i:1;s:13:\"8319971000000\";i:2;s:1:\"0\";i:3;s:0:\"\";i:4;s:1:\"1\";i:5;s:1:\"0\";i:6;s:0:\"\";i:7;s:0:\"\";i:8;s:1:\"0\";i:9;s:1:\"0\";i:10;s:0:\"\";i:11;s:1:\"5\";i:12;s:0:\"\";i:13;s:0:\"\";i:14;s:0:\"\";i:15;s:0:\"\";i:16;s:0:\"\";i:17;s:0:\"\";i:18;s:1:\"0\";i:19;s:3:\"100\";i:20;s:1:\"1\";}","percentage":"0","uniqueid":"8319971000000"},"2":{"answer":"Partially help [Effectiveness]","count":"0","aoptions":"a:21:{i:0;s:7:\"default\";i:1;s:13:\"4038631000000\";i:2;s:1:\"0\";i:3;s:0:\"\";i:4;s:1:\"2\";i:5;s:1:\"0\";i:6;s:0:\"\";i:7;s:0:\"\";i:8;s:1:\"0\";i:9;s:1:\"0\";i:10;s:0:\"\";i:11;s:0:\"\";i:12;s:0:\"\";i:13;s:0:\"\";i:14;s:0:\"\";i:15;s:0:\"\";i:16;s:0:\"\";i:17;s:0:\"\";i:18;s:1:\"0\";i:19;s:3:\"100\";i:20;s:1:\"1\";}","percentage":"0","uniqueid":"4038631000000"},"3":{"answer":"Almost solve the issue [Effectiveness]","count":"0","aoptions":"a:21:{i:0;s:7:\"default\";i:1;s:13:\"9974113000000\";i:2;s:1:\"0\";i:3;s:0:\"\";i:4;s:1:\"3\";i:5;s:1:\"0\";i:6;s:0:\"\";i:7;s:0:\"\";i:8;s:1:\"0\";i:9;s:1:\"0\";i:10;s:0:\"\";i:11;s:0:\"\";i:12;s:0:\"\";i:13;s:0:\"\";i:14;s:0:\"\";i:15;s:0:\"\";i:16;s:0:\"\";i:17;s:0:\"\";i:18;s:1:\"0\";i:19;s:3:\"100\";i:20;s:1:\"1\";}","percentage":"0","uniqueid":"9974113000000"},"4":{"answer":"Good [Effectiveness]","count":"0","aoptions":"a:21:{i:0;s:7:\"default\";i:1;s:13:\"9200746000000\";i:2;s:1:\"0\";i:3;s:0:\"\";i:4;s:1:\"4\";i:5;s:1:\"0\";i:6;s:0:\"\";i:7;s:0:\"\";i:8;s:1:\"0\";i:9;s:1:\"0\";i:10;s:0:\"\";i:11;s:0:\"\";i:12;s:0:\"\";i:13;s:0:\"\";i:14;s:0:\"\";i:15;s:0:\"\";i:16;s:0:\"\";i:17;s:0:\"\";i:18;s:1:\"0\";i:19;s:3:\"100\";i:20;s:1:\"1\";}","percentage":"0","uniqueid":"9200746000000"},"5":{"answer":"Excellent [Effectiveness]","count":"0","aoptions":"a:21:{i:0;s:7:\"default\";i:1;s:13:\"5169158000000\";i:2;s:1:\"0\";i:3;s:0:\"\";i:4;s:1:\"5\";i:5;s:1:\"0\";i:6;s:0:\"\";i:7;s:0:\"\";i:8;s:1:\"0\";i:9;s:1:\"0\";i:10;s:0:\"\";i:11;s:0:\"\";i:12;s:0:\"\";i:13;s:0:\"\";i:14;s:0:\"\";i:15;s:0:\"\";i:16;s:0:\"\";i:17;s:0:\"\";i:18;s:1:\"0\";i:19;s:3:\"100\";i:20;s:1:\"1\";}","percentage":"0","uniqueid":"5169158000000"}},"3":{"name":"How do you like the conversation with the Support Team?[-]","count":1,"qoptions":"a:9:{i:0;s:1:\"0\";i:1;s:1:\"0\";i:2;s:0:\"\";i:3;s:1:\"0\";i:4;s:0:\"\";i:5;s:0:\"\";i:6;s:0:\"\";i:7;s:0:\"\";i:8;s:0:\"\";}","1":{"answer":"Hate [Kindness]","count":"0","aoptions":"a:21:{i:0;s:7:\"default\";i:1;s:13:\"5154299000000\";i:2;s:1:\"0\";i:3;s:0:\"\";i:4;s:1:\"1\";i:5;s:1:\"0\";i:6;s:0:\"\";i:7;s:0:\"\";i:8;s:1:\"0\";i:9;s:1:\"0\";i:10;s:0:\"\";i:11;s:1:\"6\";i:12;s:0:\"\";i:13;s:0:\"\";i:14;s:0:\"\";i:15;s:0:\"\";i:16;s:0:\"\";i:17;s:0:\"\";i:18;s:1:\"0\";i:19;s:3:\"100\";i:20;s:1:\"1\";}","percentage":0,"uniqueid":"5154299000000"},"2":{"answer":"I don't like [Kindness]","count":"0","aoptions":"a:21:{i:0;s:7:\"default\";i:1;s:13:\"6336896000000\";i:2;s:1:\"0\";i:3;s:0:\"\";i:4;s:1:\"2\";i:5;s:1:\"0\";i:6;s:0:\"\";i:7;s:0:\"\";i:8;s:1:\"0\";i:9;s:1:\"0\";i:10;s:0:\"\";i:11;s:1:\"7\";i:12;s:0:\"\";i:13;s:0:\"\";i:14;s:0:\"\";i:15;s:0:\"\";i:16;s:0:\"\";i:17;s:0:\"\";i:18;s:1:\"0\";i:19;s:3:\"100\";i:20;s:1:\"1\";}","percentage":0,"uniqueid":"6336896000000"},"3":{"answer":"It was suitable [Kindness]","count":"0","aoptions":"a:21:{i:0;s:7:\"default\";i:1;s:13:\"5181008000000\";i:2;s:1:\"0\";i:3;s:0:\"\";i:4;s:1:\"3\";i:5;s:1:\"0\";i:6;s:0:\"\";i:7;s:0:\"\";i:8;s:1:\"0\";i:9;s:1:\"0\";i:10;s:0:\"\";i:11;s:1:\"7\";i:12;s:0:\"\";i:13;s:0:\"\";i:14;s:0:\"\";i:15;s:0:\"\";i:16;s:0:\"\";i:17;s:0:\"\";i:18;s:1:\"0\";i:19;s:3:\"100\";i:20;s:1:\"1\";}","percentage":0,"uniqueid":"5181008000000"},"4":{"answer":"Very good [Kindness]","count":"0","aoptions":"a:21:{i:0;s:7:\"default\";i:1;s:13:\"1047938000000\";i:2;s:1:\"0\";i:3;s:0:\"\";i:4;s:1:\"4\";i:5;s:1:\"0\";i:6;s:0:\"\";i:7;s:0:\"\";i:8;s:1:\"0\";i:9;s:1:\"0\";i:10;s:0:\"\";i:11;s:1:\"7\";i:12;s:0:\"\";i:13;s:0:\"\";i:14;s:0:\"\";i:15;s:0:\"\";i:16;s:0:\"\";i:17;s:0:\"\";i:18;s:1:\"0\";i:19;s:3:\"100\";i:20;s:1:\"1\";}","percentage":0,"uniqueid":"1047938000000"},"5":{"answer":"I loved it. [Kindness]","count":"1","aoptions":"a:21:{i:0;s:7:\"default\";i:1;s:13:\"7338220000000\";i:2;s:1:\"0\";i:3;s:0:\"\";i:4;s:1:\"5\";i:5;s:1:\"0\";i:6;s:0:\"\";i:7;s:0:\"\";i:8;s:1:\"0\";i:9;s:1:\"0\";i:10;s:0:\"\";i:11;s:1:\"7\";i:12;s:0:\"\";i:13;s:0:\"\";i:14;s:0:\"\";i:15;s:0:\"\";i:16;s:0:\"\";i:17;s:0:\"\";i:18;s:1:\"0\";i:19;s:3:\"100\";i:20;s:1:\"1\";}","percentage":100,"uniqueid":"7338220000000"}},"4":{"name":"Would you like to add any additional comment, that's related with the speed of our support? [-]","count":0,"qoptions":"a:9:{i:0;s:1:\"0\";i:1;s:1:\"0\";i:2;s:0:\"\";i:3;s:1:\"0\";i:4;s:0:\"\";i:5;s:0:\"\";i:6;s:0:\"\";i:7;s:0:\"\";i:8;s:0:\"\";}","1":{"answer":"No","count":"0","aoptions":"a:21:{i:0;s:7:\"default\";i:1;s:13:\"1580991453137\";i:2;s:1:\"0\";i:3;s:0:\"\";i:4;s:1:\"1\";i:5;s:1:\"0\";i:6;s:0:\"\";i:7;s:0:\"\";i:8;s:1:\"0\";i:9;s:1:\"0\";i:10;s:0:\"\";i:11;s:1:\"2\";i:12;s:0:\"\";i:13;s:0:\"\";i:14;s:0:\"\";i:15;s:0:\"\";i:16;s:0:\"\";i:17;s:0:\"\";i:18;s:1:\"0\";i:19;s:3:\"100\";i:20;s:1:\"1\";}","percentage":"0","uniqueid":"1580991453137"},"2":{"answer":"Type your answer","count":"0","aoptions":"a:21:{i:0;s:4:\"open\";i:1;s:13:\"1580991453123\";i:2;s:1:\"0\";i:3;s:0:\"\";i:4;s:1:\"1\";i:5;s:1:\"0\";i:6;s:0:\"\";i:7;s:0:\"\";i:8;s:1:\"0\";i:9;s:1:\"0\";i:10;s:0:\"\";i:11;s:1:\"2\";i:12;s:0:\"\";i:13;s:0:\"\";i:14;s:0:\"\";i:15;s:0:\"\";i:16;N;i:17;s:0:\"\";i:18;s:1:\"0\";i:19;s:3:\"100\";i:20;s:1:\"1\";}","percentage":"0","uniqueid":"1580991453123"}},"5":{"name":"Would you like to add any additional comment, that's related with the usefulness of our support? [-]","count":0,"qoptions":"a:9:{i:0;s:1:\"0\";i:1;s:1:\"0\";i:2;s:0:\"\";i:3;s:1:\"0\";i:4;s:0:\"\";i:5;s:0:\"\";i:6;s:0:\"\";i:7;s:0:\"\";i:8;s:0:\"\";}","1":{"answer":"No","count":"0","aoptions":"a:21:{i:0;s:7:\"default\";i:1;s:13:\"1580991454141\";i:2;s:1:\"0\";i:3;s:0:\"\";i:4;s:1:\"1\";i:5;s:1:\"0\";i:6;s:0:\"\";i:7;s:0:\"\";i:8;s:1:\"0\";i:9;s:1:\"0\";i:10;s:0:\"\";i:11;s:1:\"3\";i:12;s:0:\"\";i:13;s:0:\"\";i:14;s:0:\"\";i:15;s:0:\"\";i:16;s:0:\"\";i:17;s:0:\"\";i:18;s:1:\"0\";i:19;s:3:\"100\";i:20;s:1:\"1\";}","percentage":"0","uniqueid":"1580991454141"},"2":{"answer":"Type your answer","count":"0","aoptions":"a:21:{i:0;s:4:\"open\";i:1;s:13:\"1580991454152\";i:2;s:1:\"0\";i:3;s:0:\"\";i:4;s:1:\"1\";i:5;s:1:\"0\";i:6;s:0:\"\";i:7;s:0:\"\";i:8;s:1:\"0\";i:9;s:1:\"0\";i:10;s:0:\"\";i:11;s:1:\"3\";i:12;s:0:\"\";i:13;s:0:\"\";i:14;s:0:\"\";i:15;s:0:\"\";i:16;N;i:17;s:0:\"\";i:18;s:1:\"0\";i:19;s:3:\"100\";i:20;s:1:\"1\";}","percentage":"0","uniqueid":"1580991454152"}},"6":{"name":"Would you like to add any additional comment, that's related with the conversation style of our support? [-]","count":0,"qoptions":"a:9:{i:0;s:1:\"0\";i:1;s:1:\"0\";i:2;s:0:\"\";i:3;s:1:\"0\";i:4;s:0:\"\";i:5;s:0:\"\";i:6;s:0:\"\";i:7;s:0:\"\";i:8;s:0:\"\";}","1":{"answer":"No","count":"0","aoptions":"a:21:{i:0;s:7:\"default\";i:1;s:13:\"1580991594565\";i:2;s:1:\"0\";i:3;s:0:\"\";i:4;s:1:\"1\";i:5;s:1:\"0\";i:6;s:0:\"\";i:7;s:0:\"\";i:8;s:1:\"0\";i:9;s:1:\"0\";i:10;s:0:\"\";i:11;s:1:\"7\";i:12;s:0:\"\";i:13;s:0:\"\";i:14;s:0:\"\";i:15;s:0:\"\";i:16;s:0:\"\";i:17;s:0:\"\";i:18;s:1:\"0\";i:19;s:3:\"100\";i:20;s:1:\"1\";}","percentage":"0","uniqueid":"1580991594565"},"2":{"answer":"Type your answer","count":"0","aoptions":"a:21:{i:0;s:4:\"open\";i:1;s:13:\"1580991440669\";i:2;s:1:\"0\";i:3;s:0:\"\";i:4;s:1:\"1\";i:5;s:1:\"0\";i:6;s:0:\"\";i:7;s:0:\"\";i:8;s:1:\"0\";i:9;s:1:\"0\";i:10;s:0:\"\";i:11;s:1:\"7\";i:12;s:0:\"\";i:13;s:0:\"\";i:14;s:0:\"\";i:15;s:0:\"\";i:16;N;i:17;s:0:\"\";i:18;s:1:\"0\";i:19;s:3:\"100\";i:20;s:1:\"1\";}","percentage":"0","uniqueid":"1580991440669"}}}}