{"name":"Product Recommendation","id":"1820055370","options":"[\\\"bottom\\\",\\\"linear\\\",\\\"\\\",\\\"-webkit-linear-gradient(top , rgb(255, 255, 255) 100% , rgb(204, 204, 204) 100%);-moz-linear-gradient(top , rgb(255, 255, 255) 100% , rgb(204, 204, 204) 100%);-ms-linear-gradient(top , rgb(255, 255, 255) 100% , rgb(204, 204, 204) 100%);-o-linear-gradient(top , rgb(255, 255, 255) 100% , rgb(204, 204, 204) 100%);linear-gradient(top , rgb(255, 255, 255) 100% , rgb(204, 204, 204) 100%);\\\",\\\"rgb(0, 0, 0)\\\",\\\"rgb(222, 221, 221)\\\",\\\"1\\\",\\\"5\\\",\\\"12\\\",\\\"10\\\",\\\"12\\\",0,\\\"<span style=\\'font-size:16px;\\'>Thank you for completing the survey!<\/span><br><br>\\\",\\\"0\\\",\\\"0\\\",\\\"0\\\",\\\"center\\\",\\\"modal\\\",\\\"0\\\",\\\"\\\",\\\"0\\\",[\\\"[\\\\\\\"questioncatscore_msport\\\\\\\",\\\\\\\"equal\\\\\\\",\\\\\\\"highest\\\\\\\",\\\\\\\"display\\\\\\\",\\\\\\\"<h2 style=\\\\\\\\\\\\\\\"font-size: 16px;\\\\\\\\\\\\\\\">We recommend this male sport shoes for you!<\/h2><img width=\\\\\\\\\\\\\\\"200\\\\\\\\\\\\\\\" src=\\\\\\\\\\\\\\\"http:\/\/modalsurvey.pantherius.com\/wp-content\/uploads\/2017\/08\/male-sport.jpg\\\\\\\\\\\\\\\"><div><a class=\\\\\\\\\\\\\\\"button button-primary\\\\\\\\\\\\\\\" style=\\\\\\\\\\\\\\\"\\\\\\\\\\\\\\\" href=\\\\\\\\\\\\\\\"#\\\\\\\\\\\\\\\">PURCHASE NOW<\/a><br><br><\/div>\\\\\\\"]\\\",\\\"[\\\\\\\"questioncatscore_melegant\\\\\\\",\\\\\\\"equal\\\\\\\",\\\\\\\"highest\\\\\\\",\\\\\\\"display\\\\\\\",\\\\\\\"<h2 style=\\\\\\\\\\\\\\\"font-size: 16px;\\\\\\\\\\\\\\\">We recommend this male elegant shoes for you!<\/h2><img width=\\\\\\\\\\\\\\\"200\\\\\\\\\\\\\\\" src=\\\\\\\\\\\\\\\"http:\/\/modalsurvey.pantherius.com\/wp-content\/uploads\/2017\/08\/male-elegant.jpg\\\\\\\\\\\\\\\"><div><a class=\\\\\\\\\\\\\\\"button button-primary\\\\\\\\\\\\\\\" style=\\\\\\\\\\\\\\\"\\\\\\\\\\\\\\\" href=\\\\\\\\\\\\\\\"#\\\\\\\\\\\\\\\">PURCHASE NOW<\/a><br><br><\/div>\\\\\\\"]\\\",\\\"[\\\\\\\"questioncatscore_fsport\\\\\\\",\\\\\\\"equal\\\\\\\",\\\\\\\"highest\\\\\\\",\\\\\\\"display\\\\\\\",\\\\\\\"<h2 style=\\\\\\\\\\\\\\\"font-size: 16px;\\\\\\\\\\\\\\\">We recommend this female sport shoes for you!<\/h2><img width=\\\\\\\\\\\\\\\"200\\\\\\\\\\\\\\\" src=\\\\\\\\\\\\\\\"http:\/\/modalsurvey.pantherius.com\/wp-content\/uploads\/2017\/08\/female-sport.jpg\\\\\\\\\\\\\\\"><div><a class=\\\\\\\\\\\\\\\"button button-primary\\\\\\\\\\\\\\\" style=\\\\\\\\\\\\\\\"\\\\\\\\\\\\\\\" href=\\\\\\\\\\\\\\\"#\\\\\\\\\\\\\\\">PURCHASE NOW<\/a><br><br><\/div>\\\\\\\"]\\\",\\\"[\\\\\\\"questioncatscore_felegant\\\\\\\",\\\\\\\"equal\\\\\\\",\\\\\\\"highest\\\\\\\",\\\\\\\"display\\\\\\\",\\\\\\\"<h2 style=\\\\\\\\\\\\\\\"font-size: 16px;\\\\\\\\\\\\\\\">We recommend this female elegant shoes for you!<\/h2><img width=\\\\\\\\\\\\\\\"200\\\\\\\\\\\\\\\" src=\\\\\\\\\\\\\\\"http:\/\/modalsurvey.pantherius.com\/wp-content\/uploads\/2017\/08\/female-elegant.jpg\\\\\\\\\\\\\\\"><div><a class=\\\\\\\\\\\\\\\"button button-primary\\\\\\\\\\\\\\\" style=\\\\\\\\\\\\\\\"\\\\\\\\\\\\\\\" href=\\\\\\\\\\\\\\\"#\\\\\\\\\\\\\\\">PURCHASE NOW<\/a><br><br><\/div>\\\\\\\"]\\\",\\\"[\\\\\\\"score\\\\\\\",\\\\\\\"equal\\\\\\\",\\\\\\\"0\\\\\\\",\\\\\\\"display\\\\\\\",\\\\\\\"<h2 style=\\\\\\\\\\\\\\\"font-size: 16px;\\\\\\\\\\\\\\\">We don|t have any offer for you at the moment.<\/h2>\\\\\\\"]\\\"],\\\"0\\\",0,\\\"0\\\",\\\"\\\",\\\"\\\",\\\"\\\",\\\"0\\\",\\\"\\\",\\\"\\\",\\\"\\\",\\\"\\\",\\\"\\\",\\\"\\\",\\\"0\\\",\\\"0\\\",\\\"\\\",\\\"\\\",\\\"0\\\",\\\"\\\",\\\"\\\",\\\"0\\\",\\\"\\\",\\\"\\\",\\\"\\\",\\\"0\\\",\\\"\\\",\\\"\\\",\\\"\\\",\\\"0\\\",\\\"\\\",\\\"\\\",\\\"\\\",\\\"0\\\",\\\"\\\",\\\"\\\",\\\"0\\\",\\\"\\\",\\\"\\\",\\\"\\\",\\\"\\\",\\\"0\\\",\\\"\\\",\\\"\\\",\\\"\\\",\\\"0\\\",\\\"\\\",\\\"\\\",\\\"\\\",\\\"0\\\",\\\"\\\",\\\"\\\",\\\"\\\",\\\"0\\\",\\\"\\\",\\\"\\\",\\\"0\\\",\\\"\\\",\\\"\\\",\\\"0\\\",\\\"0\\\",\\\"0\\\",\\\"0\\\",\\\"0\\\",\\\"\\\",\\\"\\\",\\\"\\\",\\\"0\\\",\\\"\\\",\\\"0\\\",\\\"\\\",\\\"\\\",\\\"\\\",\\\"0\\\",\\\"\\\",\\\"0\\\",\\\"\\\",\\\"\\\",\\\"\\\",\\\"\\\",\\\"0\\\",\\\"\\\",\\\"\\\",\\\"\\\",\\\"0\\\",\\\"\\\",\\\"\\\",\\\"0\\\",\\\"\\\",\\\"\\\",\\\"\\\",\\\"\\\",\\\"0\\\",\\\"\\\",\\\"\\\",\\\"\\\",\\\"0\\\",\\\"\\\",\\\"\\\",\\\"\\\",\\\"0\\\",\\\"\\\",\\\"\\\",\\\"\\\",\\\"0\\\",\\\"0\\\",\\\"0\\\",\\\"0\\\",\\\"1\\\",\\\"1\\\",\\\"0\\\",\\\"rgb(236, 236, 236)\\\",\\\"preloader3\\\",\\\"\\\",0,\\\"0\\\",\\\"progressbar\\\",\\\"full\\\",\\\"cumulated\\\",\\\"\\\",\\\"remove\\\",\\\"\\\",\\\"9999\\\",\\\"\\\",\\\"small\\\",\\\"0\\\",\\\"\\\",\\\"\\\",\\\"\\\",\\\"\\\",\\\"\\\",\\\"\\\",\\\"\\\",\\\"\\\",\\\"\\\",0,\\\"\\\",\\\"slide\\\",[],\\\"0\\\",\\\"0\\\"]","global":"0","start_time":"0000-00-00 00:00:00","expiry_time":"0000-00-00 00:00:00","export_time":"2017-08-01 12:23","questions":{"1":{"name":"How old are you?","count":5,"qoptions":"a:9:{i:0;s:1:\"1\";i:1;s:1:\"1\";i:2;s:0:\"\";i:3;s:1:\"0\";i:4;s:0:\"\";i:5;s:0:\"\";i:6;s:0:\"\";i:7;s:0:\"\";i:8;s:0:\"\";}","1":{"answer":"Older than 18 years","count":"2","aoptions":"a:15:{i:0;s:7:\"default\";i:1;s:13:\"3299698000000\";i:2;s:1:\"0\";i:3;s:0:\"\";i:4;s:0:\"\";i:5;s:1:\"0\";i:6;s:0:\"\";i:7;s:0:\"\";i:8;s:1:\"0\";i:9;s:1:\"0\";i:10;s:0:\"\";i:11;s:0:\"\";i:12;s:0:\"\";i:13;s:0:\"\";i:14;s:0:\"\";}","percentage":40,"uniqueid":"3299698000000"},"2":{"answer":"Younger than 18 years","count":"3","aoptions":"a:15:{i:0;s:7:\"default\";i:1;s:13:\"4544066000000\";i:2;s:1:\"0\";i:3;s:0:\"\";i:4;s:0:\"\";i:5;s:1:\"0\";i:6;s:0:\"\";i:7;s:0:\"\";i:8;s:1:\"0\";i:9;s:1:\"0\";i:10;s:0:\"\";i:11;s:1:\"5\";i:12;s:0:\"\";i:13;s:0:\"\";i:14;s:0:\"\";}","percentage":60,"uniqueid":"4544066000000"}},"2":{"name":"What is your gender?","count":2,"qoptions":"a:9:{i:0;s:1:\"1\";i:1;s:1:\"1\";i:2;s:0:\"\";i:3;s:1:\"0\";i:4;s:0:\"\";i:5;s:0:\"\";i:6;s:0:\"\";i:7;s:0:\"\";i:8;s:0:\"\";}","1":{"answer":"Male [msport,melegant]","count":"1","aoptions":"a:15:{i:0;s:7:\"default\";i:1;s:13:\"9812460000000\";i:2;s:1:\"0\";i:3;s:0:\"\";i:4;s:1:\"1\";i:5;s:1:\"0\";i:6;s:0:\"\";i:7;s:0:\"\";i:8;s:1:\"0\";i:9;s:1:\"0\";i:10;s:0:\"\";i:11;s:0:\"\";i:12;s:0:\"\";i:13;s:0:\"\";i:14;s:0:\"\";}","percentage":50,"uniqueid":"9812460000000"},"2":{"answer":"Female [fsport,felegant]","count":"1","aoptions":"a:15:{i:0;s:7:\"default\";i:1;s:13:\"7838144000000\";i:2;s:1:\"0\";i:3;s:0:\"\";i:4;s:1:\"1\";i:5;s:1:\"0\";i:6;s:0:\"\";i:7;s:0:\"\";i:8;s:1:\"0\";i:9;s:1:\"0\";i:10;s:0:\"\";i:11;s:0:\"\";i:12;s:0:\"\";i:13;s:0:\"\";i:14;s:0:\"\";}","percentage":50,"uniqueid":"7838144000000"}},"3":{"name":"What style of shoes do you like?","count":2,"qoptions":"a:9:{i:0;s:1:\"1\";i:1;s:1:\"1\";i:2;s:0:\"\";i:3;s:0:\"\";i:4;s:0:\"\";i:5;s:0:\"\";i:6;s:0:\"\";i:7;s:0:\"\";i:8;s:0:\"\";}","1":{"answer":"Sport[msport,fsport]","count":"2","aoptions":"a:15:{i:0;s:7:\"default\";i:1;s:13:\"9807325000000\";i:2;s:1:\"0\";i:3;s:0:\"\";i:4;s:1:\"1\";i:5;s:0:\"\";i:6;s:0:\"\";i:7;s:0:\"\";i:8;s:1:\"0\";i:9;s:1:\"0\";i:10;s:0:\"\";i:11;s:0:\"\";i:12;s:0:\"\";i:13;s:0:\"\";i:14;s:0:\"\";}","percentage":100,"uniqueid":"9807325000000"},"2":{"answer":"Elegant [melegant,felegant]","count":"0","aoptions":"a:15:{i:0;s:7:\"default\";i:1;s:13:\"8436656000000\";i:2;s:1:\"0\";i:3;s:0:\"\";i:4;s:1:\"1\";i:5;s:0:\"\";i:6;s:0:\"\";i:7;s:0:\"\";i:8;s:1:\"0\";i:9;s:1:\"0\";i:10;s:0:\"\";i:11;s:0:\"\";i:12;s:0:\"\";i:13;s:0:\"\";i:14;s:0:\"\";}","percentage":0,"uniqueid":"8436656000000"}}}}