{"name":"Horoscope","id":"274021168","options":"[\\\"bottom\\\",\\\"easeInOutBack\\\",\\\"\\\",\\\"-webkit-linear-gradient(top , rgb(142, 46, 46) 35% , rgb(138, 44, 44) 70%);-moz-linear-gradient(top , rgb(142, 46, 46) 35% , rgb(138, 44, 44) 70%);-ms-linear-gradient(top , rgb(142, 46, 46) 35% , rgb(138, 44, 44) 70%);-o-linear-gradient(top , rgb(142, 46, 46) 35% , rgb(138, 44, 44) 70%);linear-gradient(top , rgb(142, 46, 46) 35% , rgb(138, 44, 44) 70%);\\\",\\\"rgb(255, 255, 255)\\\",\\\"rgb(213, 54, 54)\\\",\\\"1\\\",\\\"5\\\",\\\"12\\\",\\\"10\\\",\\\"12\\\",500,\\\"Thank you for your participation! Processing results...\\\",\\\"0\\\",\\\"0\\\",\\\"0\\\",\\\"center\\\",\\\"modal\\\",\\\"0\\\",\\\"\\\",\\\"0\\\",[\\\"[\\\\\\\"score\\\\\\\",\\\\\\\"equal\\\\\\\",\\\\\\\"1\\\\\\\",\\\\\\\"redirect\\\\\\\",\\\\\\\"http:\\\\\\\\\/\\\\\\\\\/modalsurvey.pantherius.com\\\\\\\\\/aries\\\\\\\"]\\\",\\\"[\\\\\\\"score\\\\\\\",\\\\\\\"equal\\\\\\\",\\\\\\\"2\\\\\\\",\\\\\\\"redirect\\\\\\\",\\\\\\\"http:\\\\\\\\\/\\\\\\\\\/modalsurvey.pantherius.com\\\\\\\\\/taurus\\\\\\\"]\\\",\\\"[\\\\\\\"score\\\\\\\",\\\\\\\"equal\\\\\\\",\\\\\\\"3\\\\\\\",\\\\\\\"redirect\\\\\\\",\\\\\\\"http:\\\\\\\\\/\\\\\\\\\/modalsurvey.pantherius.com\\\\\\\\\/gemini\\\\\\\"]\\\",\\\"[\\\\\\\"score\\\\\\\",\\\\\\\"equal\\\\\\\",\\\\\\\"4\\\\\\\",\\\\\\\"redirect\\\\\\\",\\\\\\\"http:\\\\\\\\\/\\\\\\\\\/modalsurvey.pantherius.com\\\\\\\\\/cancer\\\\\\\"]\\\",\\\"[\\\\\\\"score\\\\\\\",\\\\\\\"equal\\\\\\\",\\\\\\\"5\\\\\\\",\\\\\\\"redirect\\\\\\\",\\\\\\\"http:\\\\\\\\\/\\\\\\\\\/modalsurvey.pantherius.com\\\\\\\\\/leo\\\\\\\"]\\\",\\\"[\\\\\\\"score\\\\\\\",\\\\\\\"equal\\\\\\\",\\\\\\\"6\\\\\\\",\\\\\\\"redirect\\\\\\\",\\\\\\\"http:\\\\\\\\\/\\\\\\\\\/modalsurvey.pantherius.com\\\\\\\\\/virgo\\\\\\\"]\\\",\\\"[\\\\\\\"score\\\\\\\",\\\\\\\"equal\\\\\\\",\\\\\\\"7\\\\\\\",\\\\\\\"redirect\\\\\\\",\\\\\\\"http:\\\\\\\\\/\\\\\\\\\/modalsurvey.pantherius.com\\\\\\\\\/libra\\\\\\\"]\\\",\\\"[\\\\\\\"score\\\\\\\",\\\\\\\"equal\\\\\\\",\\\\\\\"8\\\\\\\",\\\\\\\"redirect\\\\\\\",\\\\\\\"http:\\\\\\\\\/\\\\\\\\\/modalsurvey.pantherius.com\\\\\\\\\/scorpio\\\\\\\"]\\\",\\\"[\\\\\\\"score\\\\\\\",\\\\\\\"equal\\\\\\\",\\\\\\\"9\\\\\\\",\\\\\\\"redirect\\\\\\\",\\\\\\\"http:\\\\\\\\\/\\\\\\\\\/modalsurvey.pantherius.com\\\\\\\\\/sagittarius\\\\\\\"]\\\",\\\"[\\\\\\\"score\\\\\\\",\\\\\\\"equal\\\\\\\",\\\\\\\"10\\\\\\\",\\\\\\\"redirect\\\\\\\",\\\\\\\"http:\\\\\\\\\/\\\\\\\\\/modalsurvey.pantherius.com\\\\\\\\\/capricorn\\\\\\\"]\\\",\\\"[\\\\\\\"score\\\\\\\",\\\\\\\"equal\\\\\\\",\\\\\\\"11\\\\\\\",\\\\\\\"redirect\\\\\\\",\\\\\\\"http:\\\\\\\\\/\\\\\\\\\/modalsurvey.pantherius.com\\\\\\\\\/aquarius\\\\\\\"]\\\",\\\"[\\\\\\\"score\\\\\\\",\\\\\\\"equal\\\\\\\",\\\\\\\"12\\\\\\\",\\\\\\\"redirect\\\\\\\",\\\\\\\"http:\\\\\\\\\/\\\\\\\\\/modalsurvey.pantherius.com\\\\\\\\\/pisces\\\\\\\"]\\\"],\\\"0\\\",5000,\\\"0\\\",\\\"\\\",\\\"\\\",\\\"\\\",\\\"0\\\",\\\"\\\",\\\"\\\",\\\"\\\",\\\"\\\",\\\"\\\",\\\"\\\",\\\"0\\\",\\\"0\\\",\\\"\\\",\\\"\\\",\\\"0\\\",\\\"\\\",\\\"\\\",\\\"0\\\",\\\"\\\",\\\"\\\",\\\"\\\",\\\"0\\\",\\\"\\\",\\\"\\\",\\\"\\\",\\\"0\\\",\\\"\\\",\\\"\\\",\\\"\\\",\\\"0\\\",\\\"\\\",\\\"\\\",\\\"0\\\",\\\"\\\",\\\"\\\",\\\"\\\",\\\"\\\",\\\"0\\\",\\\"\\\",\\\"\\\",\\\"\\\",\\\"0\\\",\\\"\\\",\\\"\\\",\\\"\\\",\\\"0\\\",\\\"\\\",\\\"\\\",\\\"\\\",\\\"0\\\",\\\"\\\",\\\"\\\",\\\"0\\\",\\\"\\\",\\\"\\\",\\\"0\\\",\\\"\\\",\\\"\\\",\\\"0\\\",\\\"0\\\",\\\"\\\",\\\"\\\",\\\"\\\",\\\"0\\\",\\\"\\\",\\\"0\\\",\\\"\\\",\\\"\\\",\\\"\\\",\\\"0\\\",\\\"\\\",\\\"0\\\",\\\"\\\",\\\"\\\",\\\"\\\",\\\"\\\",\\\"0\\\",\\\"\\\",\\\"\\\",\\\"\\\",\\\"0\\\",\\\"\\\",\\\"\\\",\\\"0\\\",\\\"\\\",\\\"\\\",\\\"\\\",\\\"\\\",\\\"0\\\",\\\"\\\",\\\"\\\",\\\"\\\",\\\"0\\\",\\\"\\\",\\\"\\\",\\\"\\\",\\\"0\\\",\\\"\\\",\\\"\\\",\\\"\\\",\\\"0\\\",\\\"0\\\",\\\"0\\\",\\\"0\\\",\\\"1\\\",\\\"1\\\",\\\"0\\\",\\\"rgb(236, 236, 236)\\\",\\\"preloader\\\",\\\"\\\",0,\\\"0\\\",\\\"progressbar\\\",\\\"full\\\",\\\"cumulated\\\",\\\"\\\",\\\"remove\\\",\\\"\\\",\\\"9999\\\",\\\"\\\",\\\"small\\\",\\\"0\\\",\\\"\\\",\\\"\\\",\\\"\\\",\\\"\\\",\\\"\\\",\\\"\\\",\\\"\\\",\\\"\\\",\\\"\\\"]","global":"0","start_time":"0000-00-00 00:00:00","expiry_time":"0000-00-00 00:00:00","export_time":"2017-07-31 09:03","questions":{"1":{"name":"When were you born?","count":5706,"qoptions":"a:8:{i:0;s:1:\"1\";i:1;s:1:\"1\";i:2;s:0:\"\";i:3;s:0:\"\";i:4;s:0:\"\";i:5;s:0:\"\";i:6;s:0:\"\";i:7;s:0:\"\";}","1":{"answer":"Mar 21-Apr 19","count":"1038","aoptions":"a:13:{i:0;s:7:\"default\";i:1;s:32:\"08adf2d2c45fe79460009491442cafd5\";i:2;s:1:\"0\";i:3;s:0:\"\";i:4;s:1:\"1\";i:5;s:0:\"\";i:6;s:0:\"\";i:7;s:0:\"\";i:8;s:1:\"0\";i:9;s:1:\"0\";i:10;s:0:\"\";i:11;s:0:\"\";i:12;s:0:\"\";}","percentage":18.19,"uniqueid":"08adf2d2c45fe79460009491442cafd5"},"2":{"answer":"Apr 20-May 20","count":"2015","aoptions":"a:13:{i:0;s:7:\"default\";i:1;s:32:\"cc0665019316041853f9dd6efa1d55b2\";i:2;s:1:\"0\";i:3;s:0:\"\";i:4;s:1:\"2\";i:5;s:0:\"\";i:6;s:0:\"\";i:7;s:0:\"\";i:8;s:1:\"0\";i:9;s:1:\"0\";i:10;s:0:\"\";i:11;s:0:\"\";i:12;s:0:\"\";}","percentage":35.31,"uniqueid":"cc0665019316041853f9dd6efa1d55b2"},"3":{"answer":"May 21-June 20","count":"418","aoptions":"a:13:{i:0;s:7:\"default\";i:1;s:13:\"1436349538625\";i:2;s:1:\"0\";i:3;s:0:\"\";i:4;s:1:\"3\";i:5;s:1:\"0\";i:6;s:0:\"\";i:7;s:0:\"\";i:8;s:1:\"0\";i:9;s:1:\"0\";i:10;s:0:\"\";i:11;s:0:\"\";i:12;s:0:\"\";}","percentage":7.33,"uniqueid":"1436349538625"},"4":{"answer":"June 21-July 22","count":"195","aoptions":"a:13:{i:0;s:7:\"default\";i:1;s:13:\"1436349546614\";i:2;s:1:\"0\";i:3;s:0:\"\";i:4;s:1:\"4\";i:5;s:1:\"0\";i:6;s:0:\"\";i:7;s:0:\"\";i:8;s:1:\"0\";i:9;s:1:\"0\";i:10;s:0:\"\";i:11;s:0:\"\";i:12;s:0:\"\";}","percentage":3.42,"uniqueid":"1436349546614"},"5":{"answer":"July 23-Aug 22","count":"755","aoptions":"a:13:{i:0;s:7:\"default\";i:1;s:13:\"1436349547053\";i:2;s:1:\"0\";i:3;s:0:\"\";i:4;s:1:\"5\";i:5;s:1:\"0\";i:6;s:0:\"\";i:7;s:0:\"\";i:8;s:1:\"0\";i:9;s:1:\"0\";i:10;s:0:\"\";i:11;s:0:\"\";i:12;s:0:\"\";}","percentage":13.23,"uniqueid":"1436349547053"},"6":{"answer":"Aug 23-Sep 22","count":"271","aoptions":"a:13:{i:0;s:7:\"default\";i:1;s:13:\"1436349547153\";i:2;s:1:\"0\";i:3;s:0:\"\";i:4;s:1:\"6\";i:5;s:1:\"0\";i:6;s:0:\"\";i:7;s:0:\"\";i:8;s:1:\"0\";i:9;s:1:\"0\";i:10;s:0:\"\";i:11;s:0:\"\";i:12;s:0:\"\";}","percentage":4.75,"uniqueid":"1436349547153"},"7":{"answer":"Sep 23-Oct 22","count":"117","aoptions":"a:13:{i:0;s:7:\"default\";i:1;s:13:\"1436349577094\";i:2;s:1:\"0\";i:3;s:0:\"\";i:4;s:1:\"7\";i:5;s:1:\"0\";i:6;s:0:\"\";i:7;s:0:\"\";i:8;s:1:\"0\";i:9;s:1:\"0\";i:10;s:0:\"\";i:11;s:0:\"\";i:12;s:0:\"\";}","percentage":2.05,"uniqueid":"1436349577094"},"8":{"answer":"Oct 23-Nov 21","count":"293","aoptions":"a:13:{i:0;s:7:\"default\";i:1;s:13:\"1436349577238\";i:2;s:1:\"0\";i:3;s:0:\"\";i:4;s:1:\"8\";i:5;s:1:\"0\";i:6;s:0:\"\";i:7;s:0:\"\";i:8;s:1:\"0\";i:9;s:1:\"0\";i:10;s:0:\"\";i:11;s:0:\"\";i:12;s:0:\"\";}","percentage":5.13,"uniqueid":"1436349577238"},"9":{"answer":"Nov 22-Dec 21","count":"193","aoptions":"a:13:{i:0;s:7:\"default\";i:1;s:13:\"1436349587898\";i:2;s:1:\"0\";i:3;s:0:\"\";i:4;s:1:\"9\";i:5;s:1:\"0\";i:6;s:0:\"\";i:7;s:0:\"\";i:8;s:1:\"0\";i:9;s:1:\"0\";i:10;s:0:\"\";i:11;s:0:\"\";i:12;s:0:\"\";}","percentage":3.38,"uniqueid":"1436349587898"},"10":{"answer":"Dec 22-Jan 19","count":"78","aoptions":"a:13:{i:0;s:7:\"default\";i:1;s:13:\"1436349589709\";i:2;s:1:\"0\";i:3;s:0:\"\";i:4;s:2:\"10\";i:5;s:1:\"0\";i:6;s:0:\"\";i:7;s:0:\"\";i:8;s:1:\"0\";i:9;s:1:\"0\";i:10;s:0:\"\";i:11;s:0:\"\";i:12;s:0:\"\";}","percentage":1.37,"uniqueid":"1436349589709"},"11":{"answer":"Jan 20-Feb 18","count":"162","aoptions":"a:13:{i:0;s:7:\"default\";i:1;s:13:\"1436349589866\";i:2;s:1:\"0\";i:3;s:0:\"\";i:4;s:2:\"11\";i:5;s:1:\"0\";i:6;s:0:\"\";i:7;s:0:\"\";i:8;s:1:\"0\";i:9;s:1:\"0\";i:10;s:0:\"\";i:11;s:0:\"\";i:12;s:0:\"\";}","percentage":2.84,"uniqueid":"1436349589866"},"12":{"answer":"Feb 19-Mar 20","count":"171","aoptions":"a:13:{i:0;s:7:\"default\";i:1;s:13:\"1436349610240\";i:2;s:1:\"0\";i:3;s:0:\"\";i:4;s:2:\"12\";i:5;s:1:\"0\";i:6;s:0:\"\";i:7;s:0:\"\";i:8;s:1:\"0\";i:9;s:1:\"0\";i:10;s:0:\"\";i:11;s:0:\"\";i:12;s:0:\"\";}","percentage":3,"uniqueid":"1436349610240"}}}}