{"name":"Simple Survey Sample","id":"3529241442","options":"[\\\"bottom\\\",\\\"easeInOutBack\\\",\\\"Ubuntu\\\",\\\"rgb(251, 251, 251);\\\",\\\"rgb(0, 0, 0)\\\",\\\"rgb(166, 164, 164)\\\",\\\"1\\\",\\\"3\\\",\\\"11\\\",\\\"5\\\",\\\"12\\\",1000,\\\"Thank you for your feedback!\\\",\\\"0\\\",\\\"1\\\",\\\"0\\\",\\\"center\\\",\\\"modal\\\",\\\"0\\\",\\\"\\\",\\\"0\\\",[],\\\"0\\\",0,\\\"0\\\",\\\"\\\",\\\"\\\",\\\"\\\",\\\"0\\\",\\\"\\\",\\\"\\\",\\\"\\\",\\\"\\\",\\\"\\\",\\\"\\\",\\\"0\\\",\\\"0\\\",\\\"\\\",\\\"\\\",\\\"0\\\",\\\"\\\",\\\"\\\",\\\"0\\\",\\\"\\\",\\\"\\\",\\\"\\\",\\\"0\\\",\\\"\\\",\\\"\\\",\\\"\\\",\\\"0\\\",\\\"\\\",\\\"\\\",\\\"\\\",\\\"0\\\",\\\"\\\",\\\"\\\",\\\"0\\\",\\\"\\\",\\\"\\\",\\\"\\\",\\\"\\\",\\\"0\\\",\\\"\\\",\\\"\\\",\\\"\\\",\\\"0\\\",\\\"\\\",\\\"\\\",\\\"\\\",\\\"0\\\",\\\"\\\",\\\"\\\",\\\"\\\",\\\"0\\\",\\\"\\\",\\\"\\\",\\\"0\\\",\\\"\\\",\\\"\\\",\\\"0\\\",\\\"0\\\",\\\"0\\\",\\\"0\\\",\\\"0\\\",\\\"\\\",\\\"\\\",\\\"\\\",\\\"0\\\",\\\"\\\",\\\"0\\\",\\\"\\\",\\\"\\\",\\\"\\\",\\\"0\\\",\\\"\\\",\\\"0\\\",\\\"\\\",\\\"\\\",\\\"\\\",\\\"\\\",\\\"0\\\",\\\"\\\",\\\"\\\",\\\"\\\",\\\"0\\\",\\\"\\\",\\\"\\\",\\\"0\\\",\\\"\\\",\\\"\\\",\\\"\\\",\\\"\\\",\\\"0\\\",\\\"\\\",\\\"\\\",\\\"\\\",\\\"0\\\",\\\"\\\",\\\"\\\",\\\"\\\",\\\"0\\\",\\\"\\\",\\\"\\\",\\\"\\\",\\\"0\\\",\\\"0\\\",\\\"0\\\",\\\"0\\\",\\\"1\\\",\\\"1\\\",\\\"0\\\",\\\"rgb(236, 236, 236)\\\",\\\"preloader\\\",\\\"\\\",0,\\\"1\\\",\\\"barchart\\\",\\\"full\\\",\\\"cumulated\\\",\\\"\\\",\\\"remove\\\",\\\"\\\",\\\"9999\\\",\\\"\\\",\\\"small\\\",\\\"0\\\",\\\"\\\",\\\"\\\",\\\"\\\",\\\"\\\",\\\"\\\",\\\"\\\",\\\"\\\",\\\"\\\",\\\"\\\",0,\\\"\\\",\\\"slide\\\",[],\\\"0\\\",\\\"0\\\",\\\"\\\",\\\"\\\",\\\"0\\\",\\\"\\\",\\\"\\\",\\\"0\\\",\\\"\\\",\\\"\\\",\\\"\\\",\\\"\\\"]","global":"0","start_time":"0000-00-00 00:00:00","expiry_time":"0000-00-00 00:00:00","export_time":"2020-02-06 11:47","questions":{"1":{"name":"Which Search Engine do you use?","count":0,"qoptions":"a:9:{i:0;s:1:\"2\";i:1;s:1:\"1\";i:2;s:0:\"\";i:3;s:0:\"\";i:4;s:0:\"\";i:5;s:0:\"\";i:6;s:0:\"\";i:7;s:0:\"\";i:8;s:0:\"\";}","1":{"answer":"Google","count":"0","aoptions":"a:21:{i:0;s:7:\"default\";i:1;s:13:\"5583778000000\";i:2;s:1:\"0\";i:3;s:0:\"\";i:4;s:1:\"1\";i:5;s:0:\"\";i:6;s:0:\"\";i:7;s:0:\"\";i:8;s:1:\"0\";i:9;s:1:\"0\";i:10;s:0:\"\";i:11;s:0:\"\";i:12;s:0:\"\";i:13;s:0:\"\";i:14;s:0:\"\";i:15;s:0:\"\";i:16;s:0:\"\";i:17;s:0:\"\";i:18;s:1:\"0\";i:19;s:3:\"100\";i:20;s:1:\"1\";}","percentage":"0","uniqueid":"5583778000000"},"2":{"answer":"Yahoo","count":"0","aoptions":"a:21:{i:0;s:7:\"default\";i:1;s:13:\"3278697000000\";i:2;s:1:\"0\";i:3;s:0:\"\";i:4;s:1:\"1\";i:5;s:0:\"\";i:6;s:0:\"\";i:7;s:0:\"\";i:8;s:1:\"0\";i:9;s:1:\"0\";i:10;s:0:\"\";i:11;s:0:\"\";i:12;s:0:\"\";i:13;s:0:\"\";i:14;s:0:\"\";i:15;s:0:\"\";i:16;s:0:\"\";i:17;s:0:\"\";i:18;s:1:\"0\";i:19;s:3:\"100\";i:20;s:1:\"1\";}","percentage":"0","uniqueid":"3278697000000"},"3":{"answer":"Bing","count":"0","aoptions":"a:21:{i:0;s:7:\"default\";i:1;s:13:\"3437628000000\";i:2;s:1:\"0\";i:3;s:0:\"\";i:4;s:1:\"1\";i:5;s:0:\"\";i:6;s:0:\"\";i:7;s:0:\"\";i:8;s:1:\"0\";i:9;s:1:\"0\";i:10;s:0:\"\";i:11;s:0:\"\";i:12;s:0:\"\";i:13;s:0:\"\";i:14;s:0:\"\";i:15;s:0:\"\";i:16;s:0:\"\";i:17;s:0:\"\";i:18;s:1:\"0\";i:19;s:3:\"100\";i:20;s:1:\"1\";}","percentage":"0","uniqueid":"3437628000000"},"4":{"answer":"Other","count":"0","aoptions":"a:21:{i:0;s:7:\"default\";i:1;s:13:\"6817189000000\";i:2;s:1:\"0\";i:3;s:0:\"\";i:4;s:1:\"1\";i:5;s:0:\"\";i:6;s:0:\"\";i:7;s:0:\"\";i:8;s:1:\"0\";i:9;s:1:\"0\";i:10;s:0:\"\";i:11;s:0:\"\";i:12;s:0:\"\";i:13;s:0:\"\";i:14;s:0:\"\";i:15;s:0:\"\";i:16;s:0:\"\";i:17;s:0:\"\";i:18;s:1:\"0\";i:19;s:3:\"100\";i:20;s:1:\"1\";}","percentage":"0","uniqueid":"6817189000000"}},"2":{"name":"How fast is your internet speed?","count":0,"qoptions":"a:9:{i:0;s:1:\"1\";i:1;s:1:\"1\";i:2;s:0:\"\";i:3;s:0:\"\";i:4;s:0:\"\";i:5;s:0:\"\";i:6;s:0:\"\";i:7;s:0:\"\";i:8;s:0:\"\";}","1":{"answer":"Above 50Mb\/s","count":"0","aoptions":"a:21:{i:0;s:7:\"default\";i:1;s:13:\"5374308000000\";i:2;s:1:\"0\";i:3;s:0:\"\";i:4;s:1:\"1\";i:5;s:0:\"\";i:6;s:0:\"\";i:7;s:0:\"\";i:8;s:1:\"0\";i:9;s:1:\"0\";i:10;s:0:\"\";i:11;s:0:\"\";i:12;s:0:\"\";i:13;s:0:\"\";i:14;s:0:\"\";i:15;s:0:\"\";i:16;s:0:\"\";i:17;s:0:\"\";i:18;s:1:\"0\";i:19;s:3:\"100\";i:20;s:1:\"1\";}","percentage":"0","uniqueid":"5374308000000"},"2":{"answer":"Between 20-49Mb\/s","count":"0","aoptions":"a:21:{i:0;s:7:\"default\";i:1;s:13:\"9555853000000\";i:2;s:1:\"0\";i:3;s:0:\"\";i:4;s:1:\"1\";i:5;s:0:\"\";i:6;s:0:\"\";i:7;s:0:\"\";i:8;s:1:\"0\";i:9;s:1:\"0\";i:10;s:0:\"\";i:11;s:0:\"\";i:12;s:0:\"\";i:13;s:0:\"\";i:14;s:0:\"\";i:15;s:0:\"\";i:16;s:0:\"\";i:17;s:0:\"\";i:18;s:1:\"0\";i:19;s:3:\"100\";i:20;s:1:\"1\";}","percentage":"0","uniqueid":"9555853000000"},"3":{"answer":"Between 10-19Mb\/s","count":"0","aoptions":"a:21:{i:0;s:7:\"default\";i:1;s:13:\"8289413000000\";i:2;s:1:\"0\";i:3;s:0:\"\";i:4;s:1:\"1\";i:5;s:0:\"\";i:6;s:0:\"\";i:7;s:0:\"\";i:8;s:1:\"0\";i:9;s:1:\"0\";i:10;s:0:\"\";i:11;s:0:\"\";i:12;s:0:\"\";i:13;s:0:\"\";i:14;s:0:\"\";i:15;s:0:\"\";i:16;s:0:\"\";i:17;s:0:\"\";i:18;s:1:\"0\";i:19;s:3:\"100\";i:20;s:1:\"1\";}","percentage":"0","uniqueid":"8289413000000"},"4":{"answer":"Between 5-9Mb\/s","count":"0","aoptions":"a:21:{i:0;s:7:\"default\";i:1;s:13:\"3744101000000\";i:2;s:1:\"0\";i:3;s:0:\"\";i:4;s:1:\"1\";i:5;s:0:\"\";i:6;s:0:\"\";i:7;s:0:\"\";i:8;s:1:\"0\";i:9;s:1:\"0\";i:10;s:0:\"\";i:11;s:0:\"\";i:12;s:0:\"\";i:13;s:0:\"\";i:14;s:0:\"\";i:15;s:0:\"\";i:16;s:0:\"\";i:17;s:0:\"\";i:18;s:1:\"0\";i:19;s:3:\"100\";i:20;s:1:\"1\";}","percentage":"0","uniqueid":"3744101000000"},"5":{"answer":"Below 5Mb\/s","count":"0","aoptions":"a:21:{i:0;s:7:\"default\";i:1;s:13:\"5704457000000\";i:2;s:1:\"0\";i:3;s:0:\"\";i:4;s:1:\"1\";i:5;s:0:\"\";i:6;s:0:\"\";i:7;s:0:\"\";i:8;s:1:\"0\";i:9;s:1:\"0\";i:10;s:0:\"\";i:11;s:0:\"\";i:12;s:0:\"\";i:13;s:0:\"\";i:14;s:0:\"\";i:15;s:0:\"\";i:16;s:0:\"\";i:17;s:0:\"\";i:18;s:1:\"0\";i:19;s:3:\"100\";i:20;s:1:\"1\";}","percentage":"0","uniqueid":"5704457000000"},"6":{"answer":"I don't know!","count":"0","aoptions":"a:21:{i:0;s:7:\"default\";i:1;s:13:\"7454161000000\";i:2;s:1:\"0\";i:3;s:0:\"\";i:4;s:1:\"1\";i:5;s:0:\"\";i:6;s:0:\"\";i:7;s:0:\"\";i:8;s:1:\"0\";i:9;s:1:\"0\";i:10;s:0:\"\";i:11;s:0:\"\";i:12;s:0:\"\";i:13;s:0:\"\";i:14;s:0:\"\";i:15;s:0:\"\";i:16;s:0:\"\";i:17;s:0:\"\";i:18;s:1:\"0\";i:19;s:3:\"100\";i:20;s:1:\"1\";}","percentage":"0","uniqueid":"7454161000000"}}}}