{"name":"Simple Rating Sample","id":"4103694271","options":"[\\\"bottom\\\",\\\"easeInOutBack\\\",\\\"\\\",\\\"-webkit-linear-gradient(top , rgb(255, 255, 255) 35% , rgb(255, 255, 255) 70%);-moz-linear-gradient(top , rgb(255, 255, 255) 35% , rgb(255, 255, 255) 70%);-ms-linear-gradient(top , rgb(255, 255, 255) 35% , rgb(255, 255, 255) 70%);-o-linear-gradient(top , rgb(255, 255, 255) 35% , rgb(255, 255, 255) 70%);linear-gradient(top , rgb(255, 255, 255) 35% , rgb(255, 255, 255) 70%);\\\",\\\"rgb(0, 0, 0)\\\",\\\"rgb(93, 93, 93)\\\",\\\"0\\\",\\\"5\\\",\\\"20\\\",\\\"0\\\",\\\"12\\\",500,\\\"Thank you for your feedback!\\\",\\\"0\\\",\\\"0\\\",\\\"0\\\",\\\"center\\\",\\\"modal\\\",\\\"0\\\",\\\"\\\",\\\"0\\\",[],\\\"0\\\",0,\\\"0\\\",\\\"\\\",\\\"\\\",\\\"\\\",\\\"0\\\",\\\"\\\",\\\"\\\",\\\"\\\",\\\"\\\",\\\"\\\",\\\"\\\",\\\"0\\\",\\\"0\\\",\\\"\\\",\\\"\\\",\\\"0\\\",\\\"\\\",\\\"\\\",\\\"0\\\",\\\"\\\",\\\"\\\",\\\"\\\",\\\"0\\\",\\\"\\\",\\\"\\\",\\\"\\\",\\\"0\\\",\\\"\\\",\\\"\\\",\\\"\\\",\\\"0\\\",\\\"\\\",\\\"\\\",\\\"0\\\",\\\"\\\",\\\"\\\",\\\"\\\",\\\"\\\",\\\"0\\\",\\\"\\\",\\\"\\\",\\\"\\\",\\\"0\\\",\\\"\\\",\\\"\\\",\\\"\\\",\\\"0\\\",\\\"\\\",\\\"\\\",\\\"\\\",\\\"0\\\",\\\"\\\",\\\"\\\",\\\"0\\\",\\\"\\\",\\\"\\\",\\\"0\\\",\\\"\\\",\\\"0\\\",\\\"0\\\",\\\"0\\\",\\\"\\\",\\\"\\\",\\\"\\\",\\\"0\\\",\\\"\\\",\\\"0\\\",\\\"\\\",\\\"\\\",\\\"\\\",\\\"0\\\",\\\"\\\",\\\"0\\\",\\\"\\\",\\\"\\\",\\\"\\\",\\\"\\\",\\\"0\\\",\\\"\\\",\\\"\\\",\\\"\\\",\\\"0\\\",\\\"\\\",\\\"\\\",\\\"0\\\",\\\"\\\",\\\"\\\",\\\"\\\",\\\"\\\",\\\"0\\\",\\\"\\\",\\\"\\\",\\\"\\\",\\\"0\\\",\\\"\\\",\\\"\\\",\\\"\\\",\\\"0\\\",\\\"\\\",\\\"\\\",\\\"\\\",\\\"0\\\",\\\"0\\\",\\\"0\\\",\\\"0\\\",\\\"1\\\",\\\"1\\\",\\\"0\\\",\\\"rgb(236, 236, 236)\\\",\\\"preloader\\\",\\\"\\\",0,\\\"0\\\",\\\"progressbar\\\",\\\"full\\\",\\\"cumulated\\\",\\\"\\\",\\\"remove\\\",\\\"\\\",\\\"9999\\\",\\\"\\\",\\\"small\\\",\\\"0\\\",\\\"\\\",\\\"\\\",\\\"\\\",\\\"\\\",\\\"\\\",\\\"\\\",\\\"\\\",\\\"\\\",\\\"\\\",0,\\\"\\\",\\\"disabled\\\",[],\\\"0\\\",\\\"0\\\",\\\"\\\",\\\"\\\",\\\"0\\\",\\\"\\\",\\\"\\\",\\\"0\\\",\\\"\\\",\\\"\\\",\\\"\\\",\\\"\\\"]","global":"0","start_time":"0000-00-00 00:00:00","expiry_time":"0000-00-00 00:00:00","export_time":"2020-02-06 11:50","questions":{"1":{"name":"How do you like WordPress?","count":0,"qoptions":"a:9:{i:0;s:1:\"1\";i:1;s:1:\"1\";i:2;s:0:\"\";i:3;s:1:\"1\";i:4;s:0:\"\";i:5;s:0:\"\";i:6;s:0:\"\";i:7;s:0:\"\";i:8;s:0:\"\";}","1":{"answer":"I don't like it","count":"0","aoptions":"a:21:{i:0;s:7:\"default\";i:1;s:13:\"2482466000000\";i:2;s:1:\"0\";i:3;s:0:\"\";i:4;s:1:\"1\";i:5;s:0:\"\";i:6;s:0:\"\";i:7;s:0:\"\";i:8;s:1:\"0\";i:9;s:1:\"0\";i:10;s:0:\"\";i:11;s:0:\"\";i:12;s:0:\"\";i:13;s:0:\"\";i:14;s:0:\"\";i:15;s:0:\"\";i:16;s:0:\"\";i:17;s:0:\"\";i:18;s:1:\"0\";i:19;s:3:\"100\";i:20;s:1:\"1\";}","percentage":"0","uniqueid":"2482466000000"},"2":{"answer":"Not bad","count":"0","aoptions":"a:21:{i:0;s:7:\"default\";i:1;s:13:\"9560920000000\";i:2;s:1:\"0\";i:3;s:0:\"\";i:4;s:1:\"1\";i:5;s:0:\"\";i:6;s:0:\"\";i:7;s:0:\"\";i:8;s:1:\"0\";i:9;s:1:\"0\";i:10;s:0:\"\";i:11;s:0:\"\";i:12;s:0:\"\";i:13;s:0:\"\";i:14;s:0:\"\";i:15;s:0:\"\";i:16;s:0:\"\";i:17;s:0:\"\";i:18;s:1:\"0\";i:19;s:3:\"100\";i:20;s:1:\"1\";}","percentage":"0","uniqueid":"9560920000000"},"3":{"answer":"Average","count":"0","aoptions":"a:21:{i:0;s:7:\"default\";i:1;s:13:\"5390716000000\";i:2;s:1:\"0\";i:3;s:0:\"\";i:4;s:1:\"1\";i:5;s:1:\"0\";i:6;s:0:\"\";i:7;s:0:\"\";i:8;s:1:\"0\";i:9;s:1:\"0\";i:10;s:0:\"\";i:11;s:0:\"\";i:12;s:0:\"\";i:13;s:0:\"\";i:14;s:0:\"\";i:15;s:0:\"\";i:16;s:0:\"\";i:17;s:0:\"\";i:18;s:1:\"0\";i:19;s:3:\"100\";i:20;s:1:\"1\";}","percentage":"0","uniqueid":"5390716000000"},"4":{"answer":"Good","count":"0","aoptions":"a:21:{i:0;s:7:\"default\";i:1;s:13:\"9104010000000\";i:2;s:1:\"0\";i:3;s:0:\"\";i:4;s:1:\"1\";i:5;s:1:\"0\";i:6;s:0:\"\";i:7;s:0:\"\";i:8;s:1:\"0\";i:9;s:1:\"0\";i:10;s:0:\"\";i:11;s:0:\"\";i:12;s:0:\"\";i:13;s:0:\"\";i:14;s:0:\"\";i:15;s:0:\"\";i:16;s:0:\"\";i:17;s:0:\"\";i:18;s:1:\"0\";i:19;s:3:\"100\";i:20;s:1:\"1\";}","percentage":"0","uniqueid":"9104010000000"},"5":{"answer":"I love it!","count":"0","aoptions":"a:21:{i:0;s:7:\"default\";i:1;s:13:\"1438454000000\";i:2;s:1:\"0\";i:3;s:0:\"\";i:4;s:1:\"1\";i:5;s:1:\"0\";i:6;s:0:\"\";i:7;s:0:\"\";i:8;s:1:\"0\";i:9;s:1:\"0\";i:10;s:0:\"\";i:11;s:0:\"\";i:12;s:0:\"\";i:13;s:0:\"\";i:14;s:0:\"\";i:15;s:0:\"\";i:16;s:0:\"\";i:17;s:0:\"\";i:18;s:1:\"0\";i:19;s:3:\"100\";i:20;s:1:\"1\";}","percentage":"0","uniqueid":"1438454000000"}}}}