{"name":"Simple Quiz Sample","id":"3368785031","options":"[\\\"bottom\\\",\\\"easeInOutBack\\\",\\\"\\\",\\\"-webkit-linear-gradient(top , rgb(255, 255, 255) 35% , rgb(255, 255, 255) 70%);-moz-linear-gradient(top , rgb(255, 255, 255) 35% , rgb(255, 255, 255) 70%);-ms-linear-gradient(top , rgb(255, 255, 255) 35% , rgb(255, 255, 255) 70%);-o-linear-gradient(top , rgb(255, 255, 255) 35% , rgb(255, 255, 255) 70%);linear-gradient(top , rgb(255, 255, 255) 35% , rgb(255, 255, 255) 70%);\\\",\\\"rgb(0, 0, 0)\\\",\\\"rgb(93, 93, 93)\\\",\\\"0\\\",\\\"5\\\",\\\"20\\\",\\\"5\\\",\\\"12\\\",500,\\\"You hit [correct] correct answers from 5 questions!\\\",\\\"0\\\",\\\"0\\\",\\\"0\\\",\\\"center\\\",\\\"modal\\\",\\\"0\\\",\\\"\\\",\\\"1\\\",[\\\"[\\\\\\\"correct\\\\\\\",\\\\\\\"higher\\\\\\\",\\\\\\\"4\\\\\\\",\\\\\\\"display\\\\\\\",\\\\\\\"Excellent!\\\\\\\"]\\\",\\\"[\\\\\\\"correct\\\\\\\",\\\\\\\"equal\\\\\\\",\\\\\\\"4\\\\\\\",\\\\\\\"display\\\\\\\",\\\\\\\"Good!\\\\\\\"]\\\",\\\"[\\\\\\\"correct\\\\\\\",\\\\\\\"equal\\\\\\\",\\\\\\\"3\\\\\\\",\\\\\\\"display\\\\\\\",\\\\\\\"Not bad!\\\\\\\"]\\\",\\\"[\\\\\\\"correct\\\\\\\",\\\\\\\"equal\\\\\\\",\\\\\\\"2\\\\\\\",\\\\\\\"display\\\\\\\",\\\\\\\"Not too good!\\\\\\\"]\\\",\\\"[\\\\\\\"correct\\\\\\\",\\\\\\\"equal\\\\\\\",\\\\\\\"0\\\\\\\",\\\\\\\"redirect\\\\\\\",\\\\\\\"http:\\\\\\\\\/\\\\\\\\\/codecanyon.net\\\\\\\\\/item\\\\\\\\\/modal-survey-wordpress-feedbacks-polls-plugin\\\\\\\\\/6533863?ref=pantherius\\\\\\\"]\\\",\\\"[\\\\\\\"correct\\\\\\\",\\\\\\\"equal\\\\\\\",\\\\\\\"1\\\\\\\",\\\\\\\"display\\\\\\\",\\\\\\\"It|s bad...\\\\\\\"]\\\",\\\"[\\\\\\\"correct\\\\\\\",\\\\\\\"equal\\\\\\\",\\\\\\\"0\\\\\\\",\\\\\\\"display\\\\\\\",\\\\\\\"Did you know Envato? We|re redirecting you to introduce Envato!\\\\\\\"]\\\"],\\\"0\\\",0,\\\"0\\\",\\\"\\\",\\\"\\\",\\\"\\\",\\\"0\\\",\\\"\\\",\\\"\\\",\\\"\\\",\\\"\\\",\\\"\\\",\\\"\\\",\\\"0\\\",\\\"0\\\",\\\"\\\",\\\"\\\",\\\"0\\\",\\\"\\\",\\\"\\\",\\\"0\\\",\\\"\\\",\\\"\\\",\\\"\\\",\\\"0\\\",\\\"\\\",\\\"\\\",\\\"\\\",\\\"0\\\",\\\"\\\",\\\"\\\",\\\"\\\",\\\"0\\\",\\\"\\\",\\\"\\\",\\\"0\\\",\\\"\\\",\\\"\\\",\\\"\\\",\\\"\\\",\\\"0\\\",\\\"\\\",\\\"\\\",\\\"\\\",\\\"0\\\",\\\"\\\",\\\"\\\",\\\"\\\",\\\"0\\\",\\\"\\\",\\\"\\\",\\\"\\\",\\\"0\\\",\\\"\\\",\\\"\\\",\\\"0\\\",\\\"\\\",\\\"\\\",\\\"0\\\",\\\"\\\",\\\"0\\\",\\\"0\\\",\\\"0\\\",\\\"\\\",\\\"\\\",\\\"\\\",\\\"0\\\",\\\"\\\",\\\"0\\\",\\\"\\\",\\\"\\\",\\\"\\\",\\\"0\\\",\\\"\\\",\\\"0\\\",\\\"\\\",\\\"\\\",\\\"\\\",\\\"\\\",\\\"0\\\",\\\"\\\",\\\"\\\",\\\"\\\",\\\"0\\\",\\\"\\\",\\\"\\\",\\\"0\\\",\\\"\\\",\\\"\\\",\\\"\\\",\\\"\\\",\\\"0\\\",\\\"\\\",\\\"\\\",\\\"\\\",\\\"0\\\",\\\"\\\",\\\"\\\",\\\"\\\",\\\"0\\\",\\\"\\\",\\\"\\\",\\\"\\\",\\\"0\\\",\\\"0\\\",\\\"0\\\",\\\"0\\\",\\\"1\\\",\\\"1\\\",\\\"0\\\",\\\"rgb(236, 236, 236)\\\",\\\"preloader\\\",\\\"\\\",0,\\\"0\\\",\\\"progressbar\\\",\\\"full\\\",\\\"cumulated\\\",\\\"\\\",\\\"remove\\\",\\\"\\\",\\\"9999\\\",\\\"\\\",\\\"small\\\",\\\"0\\\",\\\"\\\",\\\"\\\",\\\"\\\",\\\"\\\",\\\"\\\",\\\"\\\",\\\"\\\",\\\"\\\",\\\"\\\",0,\\\"\\\",\\\"disabled\\\",[],\\\"0\\\",\\\"0\\\",\\\"\\\",\\\"\\\",\\\"0\\\",\\\"\\\",\\\"\\\",\\\"0\\\",\\\"\\\",\\\"\\\",\\\"\\\",\\\"\\\"]","global":"0","start_time":"0000-00-00 00:00:00","expiry_time":"0000-00-00 00:00:00","export_time":"2020-02-06 11:49","questions":{"1":{"name":"Which one is the part of the PhotoDune logo?","count":0,"qoptions":"a:9:{i:0;s:1:\"1\";i:1;s:1:\"1\";i:2;s:0:\"\";i:3;s:0:\"\";i:4;s:0:\"\";i:5;s:0:\"\";i:6;s:0:\"\";i:7;s:0:\"\";i:8;s:0:\"\";}","1":{"answer":"","count":"0","aoptions":"a:21:{i:0;s:7:\"default\";i:1;s:13:\"8106776000000\";i:2;s:1:\"0\";i:3;s:66:\"http:\/\/modalsurvey.pantherius.com\/wp-content\/uploads\/2015\/07\/3.png\";i:4;s:1:\"1\";i:5;s:0:\"\";i:6;s:0:\"\";i:7;s:0:\"\";i:8;s:1:\"0\";i:9;s:1:\"0\";i:10;s:0:\"\";i:11;s:0:\"\";i:12;s:0:\"\";i:13;s:0:\"\";i:14;s:0:\"\";i:15;s:0:\"\";i:16;s:0:\"\";i:17;s:0:\"\";i:18;s:1:\"0\";i:19;s:3:\"100\";i:20;s:1:\"1\";}","percentage":"0","uniqueid":"8106776000000"},"2":{"answer":"","count":"0","aoptions":"a:21:{i:0;s:7:\"default\";i:1;s:13:\"1333213000000\";i:2;s:1:\"0\";i:3;s:66:\"http:\/\/modalsurvey.pantherius.com\/wp-content\/uploads\/2015\/07\/2.png\";i:4;s:1:\"1\";i:5;s:1:\"1\";i:6;s:0:\"\";i:7;s:0:\"\";i:8;s:1:\"0\";i:9;s:1:\"0\";i:10;s:0:\"\";i:11;s:0:\"\";i:12;s:0:\"\";i:13;s:0:\"\";i:14;s:0:\"\";i:15;s:0:\"\";i:16;s:0:\"\";i:17;s:0:\"\";i:18;s:1:\"0\";i:19;s:3:\"100\";i:20;s:1:\"1\";}","percentage":"0","uniqueid":"1333213000000"},"3":{"answer":"","count":"0","aoptions":"a:21:{i:0;s:7:\"default\";i:1;s:13:\"6290174000000\";i:2;s:1:\"0\";i:3;s:66:\"http:\/\/modalsurvey.pantherius.com\/wp-content\/uploads\/2015\/07\/1.png\";i:4;s:1:\"1\";i:5;s:1:\"0\";i:6;s:0:\"\";i:7;s:0:\"\";i:8;s:1:\"0\";i:9;s:1:\"0\";i:10;s:0:\"\";i:11;s:0:\"\";i:12;s:0:\"\";i:13;s:0:\"\";i:14;s:0:\"\";i:15;s:0:\"\";i:16;s:0:\"\";i:17;s:0:\"\";i:18;s:1:\"0\";i:19;s:3:\"100\";i:20;s:1:\"1\";}","percentage":"0","uniqueid":"6290174000000"}},"2":{"name":"Which one is the part of the AudioJungle logo?","count":0,"qoptions":"a:9:{i:0;s:1:\"0\";i:1;s:1:\"0\";i:2;s:0:\"\";i:3;s:1:\"0\";i:4;s:0:\"\";i:5;s:0:\"\";i:6;s:0:\"\";i:7;s:0:\"\";i:8;s:0:\"\";}","1":{"answer":"","count":"0","aoptions":"a:21:{i:0;s:7:\"default\";i:1;s:13:\"7460883000000\";i:2;s:1:\"0\";i:3;s:66:\"http:\/\/modalsurvey.pantherius.com\/wp-content\/uploads\/2015\/07\/4.png\";i:4;s:1:\"1\";i:5;s:1:\"1\";i:6;s:0:\"\";i:7;s:0:\"\";i:8;s:1:\"0\";i:9;s:1:\"0\";i:10;s:0:\"\";i:11;s:0:\"\";i:12;s:0:\"\";i:13;s:0:\"\";i:14;s:0:\"\";i:15;s:0:\"\";i:16;s:0:\"\";i:17;s:0:\"\";i:18;s:1:\"0\";i:19;s:3:\"100\";i:20;s:1:\"1\";}","percentage":"0","uniqueid":"7460883000000"},"2":{"answer":"","count":"0","aoptions":"a:21:{i:0;s:7:\"default\";i:1;s:13:\"3041989000000\";i:2;s:1:\"0\";i:3;s:66:\"http:\/\/modalsurvey.pantherius.com\/wp-content\/uploads\/2015\/07\/8.png\";i:4;s:1:\"1\";i:5;s:1:\"0\";i:6;s:0:\"\";i:7;s:0:\"\";i:8;s:1:\"0\";i:9;s:1:\"0\";i:10;s:0:\"\";i:11;s:0:\"\";i:12;s:0:\"\";i:13;s:0:\"\";i:14;s:0:\"\";i:15;s:0:\"\";i:16;s:0:\"\";i:17;s:0:\"\";i:18;s:1:\"0\";i:19;s:3:\"100\";i:20;s:1:\"1\";}","percentage":"0","uniqueid":"3041989000000"},"3":{"answer":"","count":"0","aoptions":"a:21:{i:0;s:7:\"default\";i:1;s:13:\"8938867000000\";i:2;s:1:\"0\";i:3;s:66:\"http:\/\/modalsurvey.pantherius.com\/wp-content\/uploads\/2015\/07\/3.png\";i:4;s:1:\"1\";i:5;s:1:\"0\";i:6;s:0:\"\";i:7;s:0:\"\";i:8;s:1:\"0\";i:9;s:1:\"0\";i:10;s:0:\"\";i:11;s:0:\"\";i:12;s:0:\"\";i:13;s:0:\"\";i:14;s:0:\"\";i:15;s:0:\"\";i:16;s:0:\"\";i:17;s:0:\"\";i:18;s:1:\"0\";i:19;s:3:\"100\";i:20;s:1:\"1\";}","percentage":"0","uniqueid":"8938867000000"}},"3":{"name":"Which one is the part of the CodeCanyon logo?","count":0,"qoptions":"a:9:{i:0;s:1:\"0\";i:1;s:1:\"0\";i:2;s:0:\"\";i:3;s:1:\"0\";i:4;s:0:\"\";i:5;s:0:\"\";i:6;s:0:\"\";i:7;s:0:\"\";i:8;s:0:\"\";}","1":{"answer":"","count":"0","aoptions":"a:21:{i:0;s:7:\"default\";i:1;s:13:\"3255032000000\";i:2;s:1:\"0\";i:3;s:66:\"http:\/\/modalsurvey.pantherius.com\/wp-content\/uploads\/2015\/07\/6.png\";i:4;s:1:\"1\";i:5;s:1:\"0\";i:6;s:0:\"\";i:7;s:0:\"\";i:8;s:1:\"0\";i:9;s:1:\"0\";i:10;s:0:\"\";i:11;s:0:\"\";i:12;s:0:\"\";i:13;s:0:\"\";i:14;s:0:\"\";i:15;s:0:\"\";i:16;s:0:\"\";i:17;s:0:\"\";i:18;s:1:\"0\";i:19;s:3:\"100\";i:20;s:1:\"1\";}","percentage":"0","uniqueid":"3255032000000"},"2":{"answer":"","count":"0","aoptions":"a:21:{i:0;s:7:\"default\";i:1;s:13:\"5478386000000\";i:2;s:1:\"0\";i:3;s:66:\"http:\/\/modalsurvey.pantherius.com\/wp-content\/uploads\/2015\/07\/5.png\";i:4;s:1:\"1\";i:5;s:1:\"0\";i:6;s:0:\"\";i:7;s:0:\"\";i:8;s:1:\"0\";i:9;s:1:\"0\";i:10;s:0:\"\";i:11;s:0:\"\";i:12;s:0:\"\";i:13;s:0:\"\";i:14;s:0:\"\";i:15;s:0:\"\";i:16;s:0:\"\";i:17;s:0:\"\";i:18;s:1:\"0\";i:19;s:3:\"100\";i:20;s:1:\"1\";}","percentage":"0","uniqueid":"5478386000000"},"3":{"answer":"","count":"0","aoptions":"a:21:{i:0;s:7:\"default\";i:1;s:13:\"7672697000000\";i:2;s:1:\"0\";i:3;s:66:\"http:\/\/modalsurvey.pantherius.com\/wp-content\/uploads\/2015\/07\/7.png\";i:4;s:1:\"1\";i:5;s:1:\"1\";i:6;s:0:\"\";i:7;s:0:\"\";i:8;s:1:\"0\";i:9;s:1:\"0\";i:10;s:0:\"\";i:11;s:0:\"\";i:12;s:0:\"\";i:13;s:0:\"\";i:14;s:0:\"\";i:15;s:0:\"\";i:16;s:0:\"\";i:17;s:0:\"\";i:18;s:1:\"0\";i:19;s:3:\"100\";i:20;s:1:\"1\";}","percentage":"0","uniqueid":"7672697000000"}},"4":{"name":"Which one is the part of the GraphicRiver logo?","count":0,"qoptions":"a:9:{i:0;s:1:\"0\";i:1;s:1:\"0\";i:2;s:0:\"\";i:3;s:1:\"0\";i:4;s:0:\"\";i:5;s:0:\"\";i:6;s:0:\"\";i:7;s:0:\"\";i:8;s:0:\"\";}","1":{"answer":"","count":"0","aoptions":"a:21:{i:0;s:7:\"default\";i:1;s:13:\"8771334000000\";i:2;s:1:\"0\";i:3;s:66:\"http:\/\/modalsurvey.pantherius.com\/wp-content\/uploads\/2015\/07\/7.png\";i:4;s:1:\"1\";i:5;s:1:\"0\";i:6;s:0:\"\";i:7;s:0:\"\";i:8;s:1:\"0\";i:9;s:1:\"0\";i:10;s:0:\"\";i:11;s:0:\"\";i:12;s:0:\"\";i:13;s:0:\"\";i:14;s:0:\"\";i:15;s:0:\"\";i:16;s:0:\"\";i:17;s:0:\"\";i:18;s:1:\"0\";i:19;s:3:\"100\";i:20;s:1:\"1\";}","percentage":"0","uniqueid":"8771334000000"},"2":{"answer":"","count":"0","aoptions":"a:21:{i:0;s:7:\"default\";i:1;s:13:\"1479976000000\";i:2;s:1:\"0\";i:3;s:66:\"http:\/\/modalsurvey.pantherius.com\/wp-content\/uploads\/2015\/07\/5.png\";i:4;s:1:\"1\";i:5;s:1:\"1\";i:6;s:0:\"\";i:7;s:0:\"\";i:8;s:1:\"0\";i:9;s:1:\"0\";i:10;s:0:\"\";i:11;s:0:\"\";i:12;s:0:\"\";i:13;s:0:\"\";i:14;s:0:\"\";i:15;s:0:\"\";i:16;s:0:\"\";i:17;s:0:\"\";i:18;s:1:\"0\";i:19;s:3:\"100\";i:20;s:1:\"1\";}","percentage":"0","uniqueid":"1479976000000"},"3":{"answer":"","count":"0","aoptions":"a:21:{i:0;s:7:\"default\";i:1;s:13:\"1842611000000\";i:2;s:1:\"0\";i:3;s:66:\"http:\/\/modalsurvey.pantherius.com\/wp-content\/uploads\/2015\/07\/6.png\";i:4;s:1:\"1\";i:5;s:1:\"0\";i:6;s:0:\"\";i:7;s:0:\"\";i:8;s:1:\"0\";i:9;s:1:\"0\";i:10;s:0:\"\";i:11;s:0:\"\";i:12;s:0:\"\";i:13;s:0:\"\";i:14;s:0:\"\";i:15;s:0:\"\";i:16;s:0:\"\";i:17;s:0:\"\";i:18;s:1:\"0\";i:19;s:3:\"100\";i:20;s:1:\"1\";}","percentage":"0","uniqueid":"1842611000000"}},"5":{"name":"Which one is the part of the ThemeForest logo?","count":0,"qoptions":"a:9:{i:0;s:1:\"0\";i:1;s:1:\"0\";i:2;s:0:\"\";i:3;s:1:\"0\";i:4;s:0:\"\";i:5;s:0:\"\";i:6;s:0:\"\";i:7;s:0:\"\";i:8;s:0:\"\";}","1":{"answer":"","count":"0","aoptions":"a:21:{i:0;s:7:\"default\";i:1;s:13:\"2134797000000\";i:2;s:1:\"0\";i:3;s:66:\"http:\/\/modalsurvey.pantherius.com\/wp-content\/uploads\/2015\/07\/8.png\";i:4;s:1:\"1\";i:5;s:1:\"0\";i:6;s:0:\"\";i:7;s:0:\"\";i:8;s:1:\"0\";i:9;s:1:\"0\";i:10;s:0:\"\";i:11;s:0:\"\";i:12;s:0:\"\";i:13;s:0:\"\";i:14;s:0:\"\";i:15;s:0:\"\";i:16;s:0:\"\";i:17;s:0:\"\";i:18;s:1:\"0\";i:19;s:3:\"100\";i:20;s:1:\"1\";}","percentage":"0","uniqueid":"2134797000000"},"2":{"answer":"","count":"0","aoptions":"a:21:{i:0;s:7:\"default\";i:1;s:13:\"1017967000000\";i:2;s:1:\"0\";i:3;s:66:\"http:\/\/modalsurvey.pantherius.com\/wp-content\/uploads\/2015\/07\/2.png\";i:4;s:1:\"1\";i:5;s:1:\"0\";i:6;s:0:\"\";i:7;s:0:\"\";i:8;s:1:\"0\";i:9;s:1:\"0\";i:10;s:0:\"\";i:11;s:0:\"\";i:12;s:0:\"\";i:13;s:0:\"\";i:14;s:0:\"\";i:15;s:0:\"\";i:16;s:0:\"\";i:17;s:0:\"\";i:18;s:1:\"0\";i:19;s:3:\"100\";i:20;s:1:\"1\";}","percentage":"0","uniqueid":"1017967000000"},"3":{"answer":"","count":"0","aoptions":"a:21:{i:0;s:7:\"default\";i:1;s:13:\"3017256000000\";i:2;s:1:\"0\";i:3;s:66:\"http:\/\/modalsurvey.pantherius.com\/wp-content\/uploads\/2015\/07\/6.png\";i:4;s:1:\"1\";i:5;s:1:\"1\";i:6;s:0:\"\";i:7;s:0:\"\";i:8;s:1:\"0\";i:9;s:1:\"0\";i:10;s:0:\"\";i:11;s:0:\"\";i:12;s:0:\"\";i:13;s:0:\"\";i:14;s:0:\"\";i:15;s:0:\"\";i:16;s:0:\"\";i:17;s:0:\"\";i:18;s:1:\"0\";i:19;s:3:\"100\";i:20;s:1:\"1\";}","percentage":"0","uniqueid":"3017256000000"}}}}